0,12.3376407808443,8.90189787222817,17.099430056599,"Spread.one","Model B",400
0,13.3239012763588,9.54704153569782,18.5949065538636,"Spread.one","Model A",400
0,13.3632772053706,9.56544988345359,18.6689784425594,"Spread.one","Model C",400
0,14.0181455237442,10.0569952002762,19.539474764736,"Spread.one","Model E",400
0,12.2891432500244,8.8703200386252,17.0256587318159,"Spread.one","Model D",400
1,12.7636337563359,9.12393923074857,17.8552643267126,"SimpleRandom","Model B",400
1,13.9295438198041,9.86817487285788,19.6624191937986,"SimpleRandom","Model A",400
1,14.0751742895499,9.925499691915,19.9597539096779,"SimpleRandom","Model C",400
1,14.3618023403046,10.183374671953,20.2547164477864,"SimpleRandom","Model E",400
1,12.6780271834913,9.06350661027601,17.734016223159,"SimpleRandom","Model D",400
2,12.3829969132322,8.90343622187586,17.2224081502783,"Spread.one","Model B",380
2,13.4261286655839,9.57697106241898,18.8223322144281,"Spread.one","Model A",380
2,13.4630051268015,9.59146919494039,18.897262073249,"Spread.one","Model C",380
2,14.1588941771327,10.1231594160778,19.8035293211768,"Spread.one","Model E",380
2,12.3215612689468,8.86228039894849,17.1311293786669,"Spread.one","Model D",380
3,11.5972373427143,8.2958669427004,16.2124000917818,"SimpleRandom","Model B",380
3,11.4954778337338,8.16658266907754,16.1813105898298,"SimpleRandom","Model A",380
3,11.503076751454,8.13434889419015,16.2669165622278,"SimpleRandom","Model C",380
3,12.439388436066,8.83502531155975,17.5141982288238,"SimpleRandom","Model E",380
3,11.4262810368631,8.16296982776936,15.9941664722598,"SimpleRandom","Model D",380
4,12.2905554877502,8.86586399676166,17.0381312247337,"Spread.one","Model B",360
4,13.1768155454286,9.41044982869158,18.4506023706615,"Spread.one","Model A",360
4,13.3292969504814,9.4982302674328,18.7056064331586,"Spread.one","Model C",360
4,14.316370757666,10.2481578161581,19.9995428786041,"Spread.one","Model E",360
4,12.2720108638362,8.854212091338,17.0091081045422,"Spread.one","Model D",360
5,13.6480809646639,9.75297381378562,19.0988018192699,"SimpleRandom","Model B",360
5,14.8124667460748,10.5067700065264,20.8826471853181,"SimpleRandom","Model A",360
5,13.6116645904988,9.73012203481354,19.041633009466,"SimpleRandom","Model D",360
5,15.2061149474471,10.733061982578,21.5433333162803,"SimpleRandom","Model C",360
5,15.5880690101109,11.0531961980287,21.9834960956647,"SimpleRandom","Model E",360
6,12.1198308389919,8.69108183537974,16.9012675692243,"Spread.one","Model B",340
6,13.0464280224873,9.26229899126142,18.3765698242442,"Spread.one","Model A",340
6,13.1514174074057,9.31978540582866,18.5583435983026,"Spread.one","Model C",340
6,12.0737391820847,8.66100255952112,16.8312128804021,"Spread.one","Model D",340
6,13.8079148372877,9.82605633147981,19.4033603840612,"Spread.one","Model E",340
7,11.2638215172904,7.94760063335504,15.963770831778,"SimpleRandom","Model B",340
7,13.3680709521735,9.29819635019104,19.2193533296029,"SimpleRandom","Model A",340
7,13.5036057577181,9.31422484859256,19.5772993914176,"SimpleRandom","Model C",340
7,11.0392867025976,7.77436468546743,15.6753452960536,"SimpleRandom","Model D",340
7,12.9894264842514,9.04262948672408,18.6588647292787,"SimpleRandom","Model E",340
8,12.2814468443603,8.76098273920415,17.2165544757766,"Spread.one","Model B",320
8,13.3182395560533,9.42755948391796,18.814572867453,"Spread.one","Model A",320
8,12.2698471415709,8.75544247320739,17.1949218258486,"Spread.one","Model D",320
8,13.3885962010785,9.46345017245229,18.941771232371,"Spread.one","Model C",320
8,14.1886889587549,10.0456777612154,20.0403496064297,"Spread.one","Model E",320
9,11.4182453789149,8.0827796449467,16.1301350847319,"SimpleRandom","Model B",320
9,12.5914170719903,8.71065605417274,18.2011300750259,"SimpleRandom","Model A",320
9,12.6739529148044,8.78797039708503,18.2782912582362,"SimpleRandom","Model C",320
9,13.0411781281777,9.14046138934986,18.6065363362316,"SimpleRandom","Model E",320
9,11.3938706625716,8.06294147676877,16.1008595993723,"SimpleRandom","Model D",320
10,11.8705989685938,8.46187126977223,16.6524773753705,"Spread.one","Model B",300
10,12.7435901837052,8.96991847209828,18.1048569477397,"Spread.one","Model A",300
10,11.8575464477559,8.45570376299214,16.6279959305166,"Spread.one","Model D",300
10,13.8619574857081,9.78714989486653,19.6332811287959,"Spread.one","Model E",300
10,12.8420008103594,9.02743181247367,18.2684276369052,"Spread.one","Model C",300
11,10.9582821095936,7.78810934158241,15.4188830082656,"SimpleRandom","Model B",300
11,11.47297465334,8.05087113276245,16.3496775970648,"SimpleRandom","Model A",300
11,11.5756564012149,8.09426862840383,16.5544074789883,"SimpleRandom","Model C",300
11,12.2568828480568,8.60970478365812,17.4490509170697,"SimpleRandom","Model E",300
11,10.8387105125814,7.69818984280312,15.2604245899925,"SimpleRandom","Model D",300
12,11.9370909290093,8.43821922711493,16.8867548960511,"Spread.one","Model B",280
12,13.4803717476817,9.42771999157982,19.2751187580874,"Spread.one","Model A",280
12,11.9383006819969,8.43968727620191,16.8872398359653,"Spread.one","Model D",280
12,13.4966862760586,9.4293891470563,19.318381879617,"Spread.one","Model C",280
12,13.9343812048619,9.77015609364345,19.8734777317157,"Spread.one","Model E",280
13,12.0250879531909,8.49999378659062,17.0120995276607,"SimpleRandom","Model B",280
13,12.8324593239178,8.95304581326881,18.3928481697205,"SimpleRandom","Model A",280
13,12.9010724905838,8.97490734296177,18.5447787979471,"SimpleRandom","Model C",280
13,11.9711886297917,8.45728113241266,16.9450861294911,"SimpleRandom","Model D",280
13,13.4614532614345,9.42361416034907,19.2294294764583,"SimpleRandom","Model E",280
14,10.9354882683465,7.6424458766789,15.6474649080683,"Spread.one","Model B",260
14,13.1746722928487,9.0723045507164,19.1320726782976,"Spread.one","Model A",260
14,13.3068148913142,9.09690905114511,19.4649986667077,"Spread.one","Model C",260
14,13.4077027394917,9.24925492967019,19.4357809485723,"Spread.one","Model E",260
14,10.9024094586943,7.62486500885452,15.5888047679528,"Spread.one","Model D",260
15,11.1584579108421,7.84621260676782,15.8689534923685,"SimpleRandom","Model B",260
15,11.8502451736911,8.25857829336189,17.0039328427101,"SimpleRandom","Model A",260
15,11.1020154366092,7.8024500743211,15.7969286032802,"SimpleRandom","Model D",260
15,11.9241657009941,8.29234973657581,17.1466149139385,"SimpleRandom","Model C",260
15,11.9697052034192,8.36337497670347,17.1311035384466,"SimpleRandom","Model E",260
16,12.2651106627032,8.81996517584587,17.0559561822678,"Spread.one","Model B",400
16,13.4978294122878,9.63104581188084,18.9170939897795,"Spread.one","Model A",400
16,12.1335235526856,8.72930226531879,16.865310574533,"Spread.one","Model D",400
16,13.5701836298682,9.6535082647577,19.0759544300204,"Spread.one","Model C",400
16,13.9502713323354,9.96058592469979,19.5380143012666,"Spread.one","Model E",400
17,12.0325024165029,8.62821309542883,16.7799650752545,"SimpleRandom","Model B",400
17,12.9997893222622,9.23197519070778,18.305348414855,"SimpleRandom","Model A",400
17,13.0564976890497,9.24709417539865,18.4352109614815,"SimpleRandom","Model C",400
17,13.840370358011,9.82971451609517,19.487427771504,"SimpleRandom","Model E",400
17,11.920055678495,8.54799808312054,16.6223396398505,"SimpleRandom","Model D",400
18,13.3302101541428,9.67560822114302,18.3652023410079,"Spread.one","Model B",390
18,14.7098541017376,10.579201007287,20.4533222825962,"Spread.one","Model A",390
18,14.8808159573318,10.6810371897868,20.7319457484635,"Spread.one","Model C",390
18,13.3086229679184,9.66312658573245,18.3294137493469,"Spread.one","Model D",390
18,15.419533325217,11.1100392245927,21.400645232753,"Spread.one","Model E",390
19,12.5192288477113,8.95709074025377,17.4979907523997,"SimpleRandom","Model B",390
19,13.530510212294,9.61033756642946,19.0497685788378,"SimpleRandom","Model A",390
19,13.5619522282897,9.60892549796497,19.1412190969079,"SimpleRandom","Model C",390
19,13.9979926638245,9.94991894599754,19.6930045038512,"SimpleRandom","Model E",390
19,12.4451745202955,8.90372541061561,17.3952319616631,"SimpleRandom","Model D",390
20,12.5575667822734,9.05745485664821,17.4102422796521,"Spread.one","Model B",380
20,14.0568451199682,10.0519914072193,19.6572884637427,"Spread.one","Model A",380
20,14.0676929642047,10.0416749032094,19.7078661919123,"Spread.one","Model C",380
20,12.4760278231806,9.00548900558884,17.2840442254917,"Spread.one","Model D",380
20,14.5654287444906,10.4322893631612,20.3360649925978,"Spread.one","Model E",380
21,12.9870071938148,9.29093978538063,18.153422554475,"SimpleRandom","Model B",380
21,13.7379256322531,9.7559271432289,19.3452244883055,"SimpleRandom","Model A",380
21,12.8893740417982,9.22204027730647,18.0150984157169,"SimpleRandom","Model D",380
21,14.3913888000181,10.2277141434682,20.2500841036465,"SimpleRandom","Model E",380
21,14.066088442822,9.94861752180196,19.8876721964334,"SimpleRandom","Model C",380
22,12.3825286593844,8.86092341225003,17.3037288403265,"Spread.one","Model B",370
22,13.3990206688732,9.49975012260211,18.8987870804874,"Spread.one","Model A",370
22,12.3261413861484,8.8222734565794,17.221610984866,"Spread.one","Model D",370
22,13.5599580855888,9.58836619893719,19.1766208619886,"Spread.one","Model C",370
22,14.1898201917035,10.0747055155159,19.9857947969576,"Spread.one","Model E",370
23,11.5912845317001,8.31568691042244,16.157159179049,"SimpleRandom","Model B",370
23,11.8165136241611,8.40830682058571,16.6061963733454,"SimpleRandom","Model A",370
23,11.9842903360599,8.50210153972509,16.8926722631947,"SimpleRandom","Model C",370
23,12.5580108619634,8.94514584036473,17.6300800035654,"SimpleRandom","Model E",370
23,11.4461118016747,8.21123068108155,15.9554006536788,"SimpleRandom","Model D",370
24,12.5216007429016,8.95798021724503,17.5028836146341,"Spread.one","Model B",360
24,12.8863764809713,9.16673206068592,18.1153651824861,"Spread.one","Model A",360
24,12.4494954064996,8.91036310039572,17.3943456770657,"Spread.one","Model D",360
24,12.957497774319,9.20206786952662,18.2455455612847,"Spread.one","Model C",360
24,13.9450475564923,9.92363900591733,19.5960726943893,"Spread.one","Model E",360
25,12.3036456089616,8.76582117819966,17.2693113621114,"SimpleRandom","Model B",360
25,12.9810103240802,9.17288011970705,18.3700895285721,"SimpleRandom","Model A",360
25,12.2539781758866,8.73277710297837,17.1949861269094,"SimpleRandom","Model D",360
25,13.0797106608468,9.2202731300275,18.554638084887,"SimpleRandom","Model C",360
25,13.6948186492721,9.68870102130965,19.357399658009,"SimpleRandom","Model E",360
26,11.8998878416673,8.48040612719575,16.6981779551973,"Spread.one","Model B",350
26,13.4408973876888,9.4862998126274,19.0440663013732,"Spread.one","Model A",350
26,13.5759928621554,9.55788291819942,19.2833061223578,"Spread.one","Model C",350
26,11.8747758358187,8.46531019543636,16.6574287173744,"Spread.one","Model D",350
26,13.9977037564848,9.89252473661053,19.806441294929,"Spread.one","Model E",350
27,11.0044222847125,7.77845311928731,15.5683023299333,"SimpleRandom","Model B",350
27,11.0363307808609,7.74942607240502,15.7173700305752,"SimpleRandom","Model A",350
27,10.9267122157892,7.72086244513709,15.4636921322016,"SimpleRandom","Model D",350
27,11.7517251088804,8.25310307183177,16.7334688338065,"SimpleRandom","Model E",350
27,11.1185174334743,7.78249313789297,15.8845536678419,"SimpleRandom","Model C",350
28,12.2495851598128,8.82704157876512,16.9991650371833,"Spread.one","Model B",340
28,13.5477474078053,9.66221745243511,18.9957906380423,"Spread.one","Model A",340
28,13.6237296749285,9.69658265338951,19.1413838142912,"Spread.one","Model C",340
28,14.0716501114288,10.0561623257833,19.6905469943326,"Spread.one","Model E",340
28,12.1688961771547,8.77009366591797,16.8848862750282,"Spread.one","Model D",340
29,11.4936473065469,8.1749883719093,16.1595249310967,"SimpleRandom","Model B",340
29,11.6386707945052,8.2168659834372,16.4854408159892,"SimpleRandom","Model A",340
29,11.7308626339305,8.2515055899807,16.6773368369577,"SimpleRandom","Model C",340
29,12.3850237345429,8.75080793991179,17.5285315319967,"SimpleRandom","Model E",340
29,11.3274665881132,8.05445464845831,15.9305011828927,"SimpleRandom","Model D",340
30,12.2466189346373,8.73692672445041,17.1661821210536,"Spread.one","Model B",330
30,14.1457197265948,9.98514323750686,20.0399114788599,"Spread.one","Model A",330
30,14.25710406602,10.0266259962779,20.2725240200222,"Spread.one","Model C",330
30,14.5557405924805,10.2928422222855,20.5841670959315,"Spread.one","Model E",330
30,12.2001039693863,8.70816767117726,17.0922911092401,"Spread.one","Model D",330
31,12.0757336843637,8.6101915077698,16.9361324755769,"SimpleRandom","Model B",330
31,12.8500190994727,9.03285153504125,18.2802728702281,"SimpleRandom","Model A",330
31,13.1102812643992,9.16754548788184,18.7486907001286,"SimpleRandom","Model C",330
31,13.861835307889,9.74913521887918,19.7094894869178,"SimpleRandom","Model E",330
31,11.9933822707629,8.5418259413572,16.8396335022714,"SimpleRandom","Model D",330
32,10.3938450277056,7.39025079347954,14.6181797450336,"Spread.one","Model B",320
32,12.6410850883261,8.88847945805577,17.9779942074878,"Spread.one","Model A",320
32,12.6314810150633,8.87157958210062,17.9848820784771,"Spread.one","Model C",320
32,10.3987357098502,7.38688645656702,14.6386038284346,"Spread.one","Model D",320
32,12.6487523177993,8.92051748751931,17.935163001572,"Spread.one","Model E",320
33,13.354506041926,9.60212573794849,18.5732655967012,"SimpleRandom","Model B",320
33,14.8216282669316,10.523938358416,20.8743777283175,"SimpleRandom","Model A",320
33,13.3094445828563,9.56589100660031,18.5180152044276,"SimpleRandom","Model D",320
33,15.1279291221794,10.6854554336177,21.4173594141511,"SimpleRandom","Model C",320
33,15.3570227244585,10.9213656593282,21.5941993259881,"SimpleRandom","Model E",320
34,12.0616168023485,8.66355728320315,16.7924785548259,"Spread.one","Model B",310
34,13.2629611129382,9.4109815035891,18.6915825321966,"Spread.one","Model A",310
34,13.4240653779145,9.50450221443575,18.9600178110138,"Spread.one","Model C",310
34,12.0240384395965,8.6389737357021,16.7354948423332,"Spread.one","Model D",310
34,14.2497203300092,10.1314735306216,20.0419542991217,"Spread.one","Model E",310
35,10.5940086557213,7.49939307501027,14.9656136536548,"SimpleRandom","Model B",310
35,11.3042990078781,7.90431900849639,16.1667533815568,"SimpleRandom","Model A",310
35,11.3388890493208,7.87582239546735,16.3246958116783,"SimpleRandom","Model C",310
35,11.6792471723691,8.16735861541479,16.7012152810147,"SimpleRandom","Model E",310
35,10.3341872848123,7.30560787703737,14.6182807283226,"SimpleRandom","Model D",310
36,11.5932729408526,8.1969360004036,16.3968557854408,"Spread.one","Model B",300
36,12.5908027078965,8.83311500912699,17.9470450305891,"Spread.one","Model A",300
36,12.6481780060844,8.860101848976,18.0558203055064,"Spread.one","Model C",300
36,13.2621161400159,9.31348838473765,18.8848385530278,"Spread.one","Model E",300
36,11.5588186427499,8.17546598584542,16.3423453350919,"Spread.one","Model D",300
37,12.0318549310241,8.56446179883854,16.9030508257789,"SimpleRandom","Model B",300
37,12.2260268174301,8.59618041985093,17.3886219739338,"SimpleRandom","Model A",300
37,11.9805916780384,8.53188277665078,16.823317984243,"SimpleRandom","Model D",300
37,12.3869540195756,8.69368897376127,17.6491970607842,"SimpleRandom","Model C",300
37,12.9565177655168,9.16034943420516,18.3258677863657,"SimpleRandom","Model E",300
38,10.8841167824131,7.61396545169097,15.5587779961488,"Spread.one","Model B",290
38,12.4291739260244,8.56710908524643,18.0322630360111,"Spread.one","Model A",290
38,10.8580332577093,7.59853045233604,15.5157483364793,"Spread.one","Model D",290
38,12.5366488203167,8.61092625120316,18.2521088973429,"Spread.one","Model C",290
38,13.0061984003575,8.98970085462616,18.8172220149473,"Spread.one","Model E",290
39,11.2626234157696,7.90672782980584,16.0428800555485,"SimpleRandom","Model B",290
39,12.5994188095336,8.76798959760344,18.105102951014,"SimpleRandom","Model A",290
39,11.1952282682257,7.85890576188489,15.947911805424,"SimpleRandom","Model D",290
39,12.9890231152578,9.03981886404243,18.66350687178,"SimpleRandom","Model E",290
39,12.626049197377,8.75143820431985,18.2161051261143,"SimpleRandom","Model C",290
40,13.5010290280706,9.74696885345296,18.7009713027073,"Spread.one","Model B",280
40,15.4332283489942,10.9847058336666,21.6832877346788,"Spread.one","Model A",280
40,13.5093066255404,9.76028443020867,18.6983654839009,"Spread.one","Model D",280
40,15.6839540976771,11.1280961797222,22.1049865282692,"Spread.one","Model C",280
40,16.0248027124651,11.4544285611902,22.4187789553724,"Spread.one","Model E",280
41,12.1438646081536,8.58222427683832,17.1835928384168,"SimpleRandom","Model B",280
41,12.5200827256266,8.58026962024848,18.2689447295008,"SimpleRandom","Model A",280
41,12.1329603709726,8.56769060032501,17.1818444702016,"SimpleRandom","Model D",280
41,13.0085210178428,8.90141214280059,19.0106486877504,"SimpleRandom","Model C",280
41,13.9908147292917,9.7340645513079,20.1090608920468,"SimpleRandom","Model E",280
42,11.3312540981192,8.02162607417616,16.0063954924913,"Spread.one","Model B",270
42,13.3249051009406,9.28694029670488,19.1185783774307,"Spread.one","Model A",270
44,13.802469643351,9.83188248155913,19.3765709275865,"Spread.one","Model E",400
44,11.8889258491292,8.53193316290302,16.5667680638509,"Spread.one","Model D",400
44,13.3801549061913,9.31118736503892,19.2272519384456,"Spread.one","Model C",270
44,11.9877959131683,8.60434367045638,16.7017097828396,"Spread.one","Model B",400
44,11.3199964948398,8.01457153022012,15.9886676611476,"Spread.one","Model D",270
44,13.1311180715437,9.30967405767481,18.521192121294,"Spread.one","Model C",400
44,13.0386451821244,9.26743376630631,18.3444815978539,"Spread.one","Model A",400
45,10.5399677227267,7.42475509953479,14.9622335156997,"SimpleRandom","Model B",400
45,13.8690879740005,9.91189212800083,19.4061435240178,"Spread.one","Model E",390
45,11.1179467935777,7.75331218226559,15.9427013899376,"SimpleRandom","Model A",400
45,12.2796107554891,8.82759048555431,17.08154003667,"Spread.one","Model D",390
45,12.3328447614726,8.85988676851293,17.1671561820774,"Spread.one","Model B",390
45,13.1864426764404,9.3837756123065,18.5300968014417,"Spread.one","Model C",390
45,10.5369710480566,7.42077892636438,14.9617391879343,"SimpleRandom","Model D",400
45,11.2144275280726,7.80731461398952,16.1084048741989,"SimpleRandom","Model C",400
45,11.6832671582252,8.17240239999057,16.7023997118182,"SimpleRandom","Model E",400
46,13.0767090512427,9.31861470167223,18.3504013295201,"Spread.one","Model A",390
47,14.7996144453193,10.6169854636513,20.6300167293229,"Spread.one","Model E",380
47,12.8096779706751,9.26501155907156,17.71048515873,"Spread.one","Model D",380
47,12.8571229828664,9.29598185754332,17.7824799929458,"Spread.one","Model B",380
47,13.171974689291,9.54528114092531,18.1766167652663,"SimpleRandom","Model B",390
47,14.0058382494517,10.0035765626956,19.609337104623,"Spread.one","Model C",380
47,13.8732293388762,9.92751933717971,19.3871687127565,"Spread.one","Model A",380
48,13.7399819778188,9.80251925994442,19.2590394106358,"Spread.one","Model E",370
48,12.8815303733648,9.27673620100537,17.8870910161202,"SimpleRandom","Model A",390
48,12.0011170375326,8.61251740013727,16.7229630382238,"Spread.one","Model D",370
48,12.0224811003843,8.6241023720034,16.7600111378919,"Spread.one","Model B",370
48,12.763312893305,9.14721221059274,17.8089402827847,"SimpleRandom","Model C",390
48,12.9308389436365,9.35120466817679,17.8807545893299,"SimpleRandom","Model D",390
48,12.9547365365518,9.21078853104017,18.2205028555267,"Spread.one","Model C",370
48,13.8830243911143,9.98165402287184,19.3092613511385,"SimpleRandom","Model E",390
49,12.8976235662604,9.17553946369456,18.1295818425891,"Spread.one","Model A",370
50,13.317745787793,9.51616858084294,18.6380003003864,"Spread.one","Model E",360
50,12.0364236680082,8.64831698145704,16.7518714943518,"Spread.one","Model D",360
50,12.3014878894009,8.79209801938762,17.2116602839714,"SimpleRandom","Model B",380
50,12.5867974174565,8.96593880975206,17.6699253240243,"Spread.one","Model C",360
50,12.5364415865259,8.94076194587357,17.5781850141879,"Spread.one","Model A",360
51,14.1968650106048,10.0910290483717,19.9732827210381,"Spread.one","Model E",350
51,12.9183367542646,9.15523419052851,18.22819832061,"SimpleRandom","Model A",380
51,12.1733013964495,8.72949127141709,16.9757048012653,"Spread.one","Model D",350
51,12.2359472954025,8.76996775846579,17.0717168340035,"Spread.one","Model B",350
51,12.9170526815757,9.12875749246211,18.277432620636,"SimpleRandom","Model C",380
51,12.1981493350291,8.71449919002415,17.0744002558407,"SimpleRandom","Model D",380
51,13.6468844503071,9.66975813068785,19.2597842348293,"SimpleRandom","Model E",380
52,13.3099433233735,9.44833780690564,18.749815564589,"Spread.one","Model A",350
53,13.2446820395617,9.38571773629896,18.690270393563,"Spread.one","Model E",340
53,11.7134310830075,8.36140883250955,16.4092523741823,"Spread.one","Model D",340
53,13.3408709174248,9.62561773755983,18.4901210174703,"SimpleRandom","Model B",370
53,11.7684539428298,8.39806196564406,16.4914844366576,"Spread.one","Model B",340
53,12.4195320353054,8.7746816922322,17.5783898933363,"Spread.one","Model C",340
53,12.3569972778343,8.74598702385153,17.4589078748897,"Spread.one","Model A",340
54,14.545344187242,10.4003374245713,20.3423243774282,"SimpleRandom","Model A",370
54,14.5971404261461,10.3728377237517,20.541775962881,"Spread.one","Model E",330
54,12.4436830405768,8.91354014377637,17.3719134167421,"Spread.one","Model D",330
54,13.2794282249376,9.58708266969856,18.393834710389,"SimpleRandom","Model D",370
54,14.7004912080117,10.4764105749326,20.6277178821067,"SimpleRandom","Model C",370
54,15.1658330192297,10.8552313239555,21.1881704132443,"SimpleRandom","Model E",370
55,14.1179424425684,9.98760455230398,19.9563666911195,"Spread.one","Model C",330
55,14.0273885222738,9.93758986768507,19.8003370409425,"Spread.one","Model A",330
56,13.430070664768,9.46159341611048,19.0630467964884,"Spread.one","Model E",320
56,11.3348853461085,8.0355963042908,15.9888104061201,"SimpleRandom","Model B",360
56,11.7283755930968,8.33337996192692,16.5064829254398,"Spread.one","Model D",320
56,11.7816574708792,8.36827651728553,16.5873405921042,"Spread.one","Model B",320
56,11.7345179757828,8.24297957557638,16.7049925165368,"SimpleRandom","Model A",360
56,12.4918887644105,8.77239509976538,17.7884469552196,"Spread.one","Model C",320
56,12.3441268157136,8.688887198595,17.5370520251499,"Spread.one","Model A",320
57,14.0041992324905,9.95135755057759,19.7076223165054,"Spread.one","Model E",310
57,11.8309996362211,8.29483404531287,16.8746658013438,"SimpleRandom","Model C",360
57,11.2551434589611,7.98104013723443,15.8723990988085,"SimpleRandom","Model D",360
57,12.6176591647882,8.88192226978654,17.9246471611588,"SimpleRandom","Model E",360
58,12.3542331570419,8.84532400186569,17.2551143255307,"Spread.one","Model D",310
58,12.3779700102591,8.86154981223042,17.2897681355255,"Spread.one","Model B",310
58,13.4391787637407,9.51358588655712,18.9845898273739,"Spread.one","Model C",310
58,13.3664647118009,9.47376751040959,18.8586408411974,"Spread.one","Model A",310
59,14.3226074262782,10.029877184929,20.4526017323044,"Spread.one","Model E",300
59,11.0285426095597,7.75682735324858,15.680219057594,"SimpleRandom","Model B",350
59,11.5370652102586,8.04561089513532,16.5436627995817,"SimpleRandom","Model A",350
59,12.1775477809131,8.62295206053117,17.1974364365521,"Spread.one","Model D",300
59,12.2307416436462,8.65783162969522,17.2781185349626,"Spread.one","Model B",300
59,14.0719746543526,9.78854589651096,20.2298148025565,"Spread.one","Model C",300
59,13.8769409720401,9.70759127106568,19.8370002778604,"Spread.one","Model A",300
60,11.5480740147189,8.03487977050615,16.5973875475955,"SimpleRandom","Model C",350
60,10.9347453854161,7.69140079542125,15.5457581556611,"SimpleRandom","Model D",350
60,11.980265784291,8.37652624419846,17.1344020275302,"SimpleRandom","Model E",350
61,12.9475819322999,9.07719749432533,18.4682417671775,"Spread.one","Model E",290
61,11.0929843316195,7.85068258887144,15.6743442354922,"Spread.one","Model D",290
61,11.1111119709394,7.86231610158813,15.7023461834376,"Spread.one","Model B",290
61,12.2528050807442,8.54932951537182,17.5605855496354,"Spread.one","Model C",290
61,12.167229098854,8.68300394799111,17.0495677337854,"SimpleRandom","Model B",340
61,12.2195256272463,8.53511172002187,17.4944173495302,"Spread.one","Model A",290
62,12.2167920384018,8.41035466825481,17.7459826127079,"Spread.one","Model E",280
62,12.9516200280307,9.15185375104555,18.3290146361136,"SimpleRandom","Model A",340
62,10.4280414690637,7.23868958351556,15.0226152987899,"Spread.one","Model D",280
62,10.4521386054233,7.25309520644244,15.0621490987659,"Spread.one","Model B",280
62,11.7733046421304,8.08532539103501,17.143490891548,"Spread.one","Model C",280
62,12.8997616853798,9.08974387023364,18.306770126331,"SimpleRandom","Model C",340
62,13.4975432071562,9.55847802145733,19.0599039114882,"SimpleRandom","Model E",340
62,12.0454304210115,8.59206061923426,16.8867982265657,"SimpleRandom","Model D",340
63,11.8717201525614,8.17011998316158,17.2503879589531,"Spread.one","Model A",280
64,14.4523408868522,10.1238792003737,20.6314351421806,"Spread.one","Model E",270
64,11.7740426518957,8.34561439351228,16.6108897238802,"Spread.one","Model D",270
64,10.9652617036547,7.77942818635603,15.4557586173898,"SimpleRandom","Model B",330
64,11.8105355918116,8.36953828830425,16.6662420506963,"Spread.one","Model B",270
64,14.2762631508995,9.93058137234691,20.5236412564196,"Spread.one","Model C",270
64,14.174810646426,9.89290663824712,20.3100326536219,"Spread.one","Model A",270
65,13.8329621578839,9.74047202747406,19.6449249606919,"Spread.one","Model E",260
65,10.9544829524175,7.77206054476348,15.4400105433633,"SimpleRandom","Model D",330
65,11.4740745462645,8.04092134174094,16.3730474528844,"SimpleRandom","Model C",330
65,12.0787180951355,8.5670792860246,17.0297747868112,"Spread.one","Model D",260
65,12.1207120430192,8.59735496516684,17.0880068375705,"Spread.one","Model B",260
65,12.1681615355854,8.57551219616555,17.2659255527974,"SimpleRandom","Model E",330
66,13.1700635888005,9.2341645217048,18.7835699185731,"Spread.one","Model C",260
66,13.1777396443838,9.25840907347333,18.7562269885768,"Spread.one","Model A",260
67,13.3430273276407,9.36008289550662,19.0208121288792,"Spread.one","Model E",250
67,12.0885040097339,8.51487087652215,17.161966553865,"SimpleRandom","Model B",320
67,11.9705497895011,8.45806377262969,16.9417098422246,"Spread.one","Model D",250
67,11.9920954250835,8.47406465786277,16.9706461409723,"Spread.one","Model B",250
67,12.7306145769215,8.90735606330368,18.1949106282853,"Spread.one","Model C",250
67,12.7223554008317,8.89212601938193,18.2024328706401,"SimpleRandom","Model A",320
67,12.7303619630694,8.9276968752395,18.1527350195138,"Spread.one","Model A",250
68,12.6992932351882,8.82748072654252,18.2693175628673,"SimpleRandom","Model C",320
68,11.9502461421596,8.40805031895862,16.9847202907664,"SimpleRandom","Model D",320
68,13.1009232699455,9.14755476800047,18.7628491851618,"SimpleRandom","Model E",320
69,13.3343426909032,9.64531818912403,18.4343006121804,"Spread.one","Model D",400
69,13.3618055678699,9.66271692270206,18.4769821429925,"Spread.one","Model B",400
69,11.7385229270694,8.28877161521757,16.6240459872676,"SimpleRandom","Model B",310
69,14.304331462576,10.2423007249853,19.9773375226234,"Spread.one","Model C",400
69,14.22690327449,10.2003950094921,19.8428371247725,"Spread.one","Model A",400
70,14.0228099441021,10.0001034153861,19.6637165197572,"Spread.one","Model E",390
70,12.9597398182151,9.01619302914482,18.6281344701603,"SimpleRandom","Model A",310
70,11.9515583885564,8.60434682829591,16.6008821779867,"Spread.one","Model D",390
70,12.9608438489945,8.96523868503607,18.7372003333721,"SimpleRandom","Model C",310
70,11.6128685810971,8.1921245278744,16.4619954473305,"SimpleRandom","Model D",310
70,13.3878146419464,9.31279141728174,19.2459567551906,"SimpleRandom","Model E",310
71,13.4377274156904,9.5359808723231,18.9359144608274,"Spread.one","Model C",390
71,13.3256198141613,9.48374698976606,18.7238381225467,"Spread.one","Model A",390
72,14.4568488787442,10.3487324872196,20.19575631711,"Spread.one","Model E",380
72,13.0439438665926,9.34448920661434,18.2080012971052,"SimpleRandom","Model B",300
72,12.4831046350144,9.01291088813555,17.2894088561162,"Spread.one","Model D",380
72,12.5665709043687,9.07317642330671,17.4050075659141,"Spread.one","Model B",380
72,12.8732165803129,9.11578345194631,18.1794253886386,"SimpleRandom","Model A",300
72,13.8731522745257,9.89157928000348,19.4573938684651,"Spread.one","Model C",380
72,13.874035284088,9.91624109219936,19.4114738916081,"Spread.one","Model A",380
73,15.1172389731468,10.8266441176926,21.1081949020353,"Spread.one","Model E",370
73,12.960628659595,9.16545780049372,18.3272782340308,"SimpleRandom","Model C",300
73,12.9636622125755,9.28469315437916,18.1003868590417,"SimpleRandom","Model D",300
73,14.2465286654937,10.1289762407371,20.0379163888691,"SimpleRandom","Model E",300
74,13.0731026101916,9.43326663267258,18.1173731763986,"Spread.one","Model D",370
74,13.1543969595836,9.49253822318037,18.2288609539385,"Spread.one","Model B",370
74,11.9152586219975,8.29468919123337,17.1161793716317,"SimpleRandom","Model B",290
74,14.3485501241719,10.2691400139575,20.048503612381,"Spread.one","Model A",370
75,14.0443401250267,9.92051627571765,19.8823815278875,"Spread.one","Model E",360
75,12.9536416085886,8.91905740094748,18.813291963558,"SimpleRandom","Model A",290
75,11.7077990150262,8.36184508091609,16.392621060283,"Spread.one","Model D",360
75,13.3135038663956,9.077544808636,19.5261371810473,"SimpleRandom","Model C",290
75,11.8578660194039,8.25046750745181,17.0425477595221,"SimpleRandom","Model D",290
75,13.5003360876901,9.28705890318394,19.6250585228981,"SimpleRandom","Model E",290
76,13.7362189774627,9.6506303487143,19.5514391266622,"Spread.one","Model C",360
76,13.490095484768,9.51339763231597,19.1290938549634,"Spread.one","Model A",360
77,13.8892721065469,9.96862008393679,19.3519141090105,"Spread.one","Model E",350
77,10.7533987832655,7.58181491063007,15.2517024953761,"SimpleRandom","Model B",280
77,12.3598575254685,8.92651914298274,17.1137344358885,"Spread.one","Model D",350
77,12.4188983501823,8.96890258270719,17.1959762980955,"Spread.one","Model B",350
77,13.3780275433368,9.55607526454789,18.7285696267218,"Spread.one","Model C",350
77,10.9964909165647,7.65865617940317,15.78903787368,"SimpleRandom","Model A",280
77,13.3595046143623,9.55150487078539,18.685680000757,"Spread.one","Model A",350
78,14.2308365841533,10.1500421117911,19.9523024293285,"Spread.one","Model E",340
78,11.4284201033702,7.91706293293621,16.4971261647755,"SimpleRandom","Model C",280
78,10.6978689192373,7.53876435159239,15.1807901236508,"SimpleRandom","Model D",280
78,11.9747825769319,8.36039270347215,17.1517562452825,"SimpleRandom","Model E",280
79,12.1158795183091,8.70543521610567,16.8624006563855,"Spread.one","Model D",340
79,12.1241810778196,8.71055459850038,16.8755921503628,"Spread.one","Model B",340
79,13.4089536646419,9.53523837217024,18.8563758306538,"Spread.one","Model C",340
79,13.417923083746,9.54857803838257,18.8552325966875,"Spread.one","Model A",340
80,11.5457759334119,8.15058957186463,16.3552514488909,"SimpleRandom","Model B",270
80,14.554812649699,10.4131364479183,20.3437813695592,"Spread.one","Model E",330
80,11.843073962397,8.2335944598246,17.0348930304,"SimpleRandom","Model A",270
80,12.6361092802647,9.11147584033277,17.5241926270597,"Spread.one","Model D",330
80,12.6613969408946,9.12732028450377,17.5638596540838,"Spread.one","Model B",330
80,13.5093731816396,9.63326155232443,18.9451062622469,"Spread.one","Model C",330
80,12.2235635985584,8.46448078243883,17.6520581578959,"SimpleRandom","Model C",270
80,12.9716473997583,9.03994138898547,18.6133547800071,"SimpleRandom","Model E",270
80,13.476850265523,9.6195960318306,18.8807817374391,"Spread.one","Model A",330
81,11.4127679256727,8.04092969375633,16.1985338370018,"SimpleRandom","Model D",270
82,15.9810483323197,11.4301766638997,22.3438283860091,"Spread.one","Model E",320
82,13.5395224875681,9.77237764074486,18.7588605281722,"Spread.one","Model D",320
82,11.7542420304145,8.32228552517142,16.601473872974,"SimpleRandom","Model B",260
82,13.5790637526245,9.79706419037963,18.8210436121165,"Spread.one","Model B",320
82,15.3457990885346,10.950849025633,21.5045928506952,"Spread.one","Model C",320
82,15.2715255418365,10.9366438735554,21.3245941873341,"Spread.one","Model A",320
83,12.4015507195116,8.67548132300556,17.7279455193775,"SimpleRandom","Model A",260
83,14.5460168898302,10.3022435275622,20.5379155320058,"Spread.one","Model E",310
83,12.3367152710146,8.59740888246563,17.7023735591411,"SimpleRandom","Model C",260
83,11.5984120821096,8.20351361973662,16.3982372751574,"SimpleRandom","Model D",260
83,12.4827064565773,8.92013578814235,17.4681153047253,"Spread.one","Model D",310
83,12.8258893281204,8.9870773516995,18.3044421027581,"SimpleRandom","Model E",260
84,12.5326892537516,8.95309896703518,17.5434562389423,"Spread.one","Model B",310
84,14.1523882306223,9.9618419499205,20.1057288036831,"Spread.one","Model C",310
84,13.9249199709733,9.83415874523057,19.7173343670146,"Spread.one","Model A",310
85,13.1269208049487,9.25026582935368,18.6282267989087,"Spread.one","Model E",300
85,11.8899376521279,8.37140267086891,16.8873273607342,"SimpleRandom","Model B",250
85,11.5852021346351,8.23211604611959,16.3040593388646,"Spread.one","Model D",300
85,12.9396588037978,8.94205111185296,18.7244255109168,"SimpleRandom","Model A",250
85,11.5950955824316,8.23808176602562,16.3200906939514,"Spread.one","Model B",300
85,12.4832943041298,8.75063537438616,17.8081510674817,"Spread.one","Model C",300
85,12.4156123744549,8.71328936438664,17.6910721297465,"Spread.one","Model A",300
86,12.9523054009951,8.90815617292432,18.8324286130668,"SimpleRandom","Model C",250
86,14.9822270330719,10.6033039522872,21.1695456322455,"Spread.one","Model E",290
86,11.8239227395915,8.31647750146504,16.8106207137819,"SimpleRandom","Model D",250
86,13.4351198207018,9.32396949233498,19.3589698834817,"SimpleRandom","Model E",250
87,12.6432905161577,9.04178741137444,17.6793357113076,"Spread.one","Model D",290
87,12.6558857693504,9.04724702599725,17.7038876186969,"Spread.one","Model B",290
87,14.177481329669,9.97667716666745,20.1470863991337,"Spread.one","Model C",290
87,12.4894373957141,8.82275793599614,17.6799644275687,"SimpleRandom","Model B",240
87,13.9952020976695,9.86977850669169,19.8449926329973,"Spread.one","Model A",290
88,15.1954316396152,10.7338667170339,21.5114598309475,"Spread.one","Model E",280
88,12.9727150561086,9.01065064248468,18.6769349522335,"SimpleRandom","Model A",240
88,12.5697503260246,9.0094915924607,17.5369077863184,"Spread.one","Model D",280
88,12.5977718227605,9.02770605023354,17.5796436010711,"Spread.one","Model B",280
88,13.3099552630899,9.15845544065028,19.3433172496689,"SimpleRandom","Model C",240
88,12.492391311303,8.8001985635835,17.7336726605825,"SimpleRandom","Model D",240
88,14.0721319450859,9.77365171754079,20.2610961801014,"SimpleRandom","Model E",240
89,14.5675335081081,10.2303468584388,20.7434836224346,"Spread.one","Model C",280
89,14.510532262837,10.2202717618413,20.6017561428228,"Spread.one","Model A",280
90,13.2150390238862,9.2938026514774,18.7907214034799,"Spread.one","Model E",270
90,11.4909551972362,8.13096931155009,16.2393985619061,"Spread.one","Model D",270
90,11.5224921901218,8.15033450069861,16.2898622455358,"Spread.one","Model B",270
90,12.8804331484829,9.01814435644561,18.396862096575,"Spread.one","Model C",270
90,12.7747588840571,8.96028298879713,18.2130926835497,"Spread.one","Model A",270
91,15.2692462937671,10.905179740803,21.379737695415,"Spread.one","Model E",260
91,13.0604558410636,9.41790554501136,18.1118302749093,"Spread.one","Model D",260
91,13.0618650859512,9.41884037800481,18.1139410666743,"Spread.one","Model B",260
91,14.855670744826,10.553804755165,20.9110324094896,"Spread.one","Model C",260
91,14.8475764431769,10.5487264838869,20.8983071627383,"Spread.one","Model A",260
92,15.0967893596386,10.6329449570004,21.4346119434434,"Spread.one","Model E",250
92,12.480039491931,8.90213548570784,17.4959576800659,"Spread.one","Model D",250
92,12.4951164619646,8.91358793138632,17.515722804316,"Spread.one","Model B",250
92,14.7068459270972,10.3012390543191,20.9966311802742,"Spread.one","Model C",250
92,14.6835291932332,10.3089428987346,20.9144654002298,"Spread.one","Model A",250
93,14.1067593644996,10.0868714837772,19.7286800062787,"Spread.one","Model E",400
93,12.3066273666781,8.85651528673851,17.100752636768,"Spread.one","Model D",400
92,11.9280316109484,8.48097102980094,16.7761377337381,"SimpleRandom","Model B",380
92,12.2403679414006,8.65040700366516,17.3201801114545,"SimpleRandom","Model A",380
93,12.1068089553638,8.52226549700798,17.1990444481151,"SimpleRandom","Model C",380
93,11.6634528889065,8.28757120619789,16.4144753519591,"SimpleRandom","Model D",380
93,12.8941444993137,9.10019059754981,18.2698329872286,"SimpleRandom","Model E",380
94,11.8620229032076,8.45337344053493,16.6451403508937,"SimpleRandom","Model B",370
94,12.5626991251825,8.86011104959289,17.8125768883127,"SimpleRandom","Model A",370
94,12.8426122125601,9.0227589262143,18.2796293008571,"SimpleRandom","Model C",370
94,13.1249227853428,9.27414189520766,18.5746131628875,"SimpleRandom","Model E",370
94,11.7888119382386,8.39555899899807,16.5535239442356,"SimpleRandom","Model D",370
95,12.5741533714922,9.04188064158871,17.4863326864297,"SimpleRandom","Model B",360
96,10.3811743934131,7.25188438179513,14.860797016703,"Spread.one","Model D",360
96,10.3987350570186,7.25957437274411,14.8953210248871,"Spread.one","Model B",360
96,13.0810000959497,9.34077320969343,18.3188864207369,"SimpleRandom","Model A",360
96,11.2270180969096,7.76597737247536,16.230530853087,"Spread.one","Model C",360
96,11.1453628225963,7.71579878998798,16.0993198278445,"Spread.one","Model A",360
97,13.6946369434482,9.76551253906504,19.2046326562613,"Spread.one","Model E",350
97,13.0267773370381,9.27409184259264,18.2979563572372,"SimpleRandom","Model C",360
97,12.401653592302,8.91108561520599,17.2595145490476,"SimpleRandom","Model D",360
97,13.4450433389748,9.60624803254021,18.8178766334758,"SimpleRandom","Model E",360
98,12.0860631590293,8.66554075687808,16.8567579083975,"Spread.one","Model D",350
98,12.1562960684169,8.71062719444909,16.9649705818174,"Spread.one","Model B",350
98,13.6203978973776,9.67503066020432,19.1746409286283,"Spread.one","Model C",350
98,13.505695556282,9.61601570156289,18.9687515203756,"Spread.one","Model A",350
99,11.9408394776774,8.56633731781357,16.6446454466787,"SimpleRandom","Model B",350
99,14.6649549703506,10.4565109905557,20.5671762289213,"Spread.one","Model E",340
99,12.9556822190281,9.1837153479734,18.2768841803749,"SimpleRandom","Model A",350
99,12.7516256673435,9.16021777831522,17.7511016763142,"Spread.one","Model D",340
99,12.7832830675069,9.18179103425703,17.7974346589159,"Spread.one","Model B",340
99,14.0499837604985,9.99491867226283,19.7502401113164,"Spread.one","Model C",340
99,13.1769365473175,9.31802092766981,18.6339629541325,"SimpleRandom","Model C",350
99,14.0465163362011,10.0118594598399,19.7070905733948,"Spread.one","Model A",340
100,13.8010886260934,9.80267344442539,19.4304184817665,"SimpleRandom","Model E",350
100,12.8722150968864,9.09230196461496,18.2235392253085,"Spread.one","Model E",330
101,11.3113016973378,8.04292237903826,15.9078429529113,"Spread.one","Model D",330
101,11.3656759127808,8.07949276300131,15.988452832821,"Spread.one","Model B",330
101,12.0282875301928,8.48284183592008,17.0555697851578,"Spread.one","Model C",330
101,11.9608069232651,8.51315879469527,16.8046791685328,"SimpleRandom","Model B",340
101,12.0651342870188,8.51689912059314,17.0916037988318,"Spread.one","Model A",330
102,14.1629647156975,10.0790840599105,19.9015672799015,"Spread.one","Model E",320
102,12.4631097034011,8.78017540961756,17.6908884199362,"SimpleRandom","Model A",340
102,12.1409503801207,8.70428822032578,16.9344893461071,"Spread.one","Model D",320
102,12.1434701246848,8.70538475051196,16.939385322451,"Spread.one","Model B",320
102,12.4907823468064,8.78577712762858,17.7582064021015,"SimpleRandom","Model C",340
102,13.6709727519847,9.68273372012145,19.3019349067842,"Spread.one","Model C",320
102,13.16446056642,9.30061313281608,18.6335050743428,"SimpleRandom","Model E",340
102,11.8998362556337,8.46618870715144,16.7260744839385,"SimpleRandom","Model D",340
103,13.6607978000625,9.6787057115919,19.2812347120635,"Spread.one","Model A",320
104,13.8876626990817,9.68149748435818,19.9212131754483,"Spread.one","Model E",310
104,12.1218333739781,8.4858049805583,17.3158403572955,"SimpleRandom","Model B",330
104,11.6282558940308,8.20198761606124,16.4858009383334,"Spread.one","Model D",310
104,11.6823994548857,8.2365401054632,16.5698770692551,"Spread.one","Model B",310
104,13.2695098571835,9.21350092551974,19.1110733339354,"Spread.one","Model C",310
104,14.3292433485251,9.87710621816198,20.7881954902636,"SimpleRandom","Model A",330
104,13.100824748188,9.14031112848635,18.7774362021262,"Spread.one","Model A",310
105,14.5067616395903,10.2791349401798,20.4731365521123,"Spread.one","Model E",300
105,15.1064407040157,10.223690139776,22.3211528933272,"SimpleRandom","Model C",330
105,11.9582275865499,8.36421728338453,17.0965437848906,"SimpleRandom","Model D",330
105,14.6553661477516,10.0744087614092,21.3193411158175,"SimpleRandom","Model E",330
