"1",0.0568803714709742,-0.00502268465883752,"Model A","SimpleRandom",950
"1",0.0606114925816266,-0.00615231585235856,"Model A","SimpleRandom",850
"1",0.0660342070445051,-0.00962123932389809,"Model A","SimpleRandom",750
"1",0.0640848486685292,-0.0059003999257489,"Model A","SimpleRandom",650
"1",0.0843665007533513,-0.00796433539967333,"Model A","SimpleRandom",550
"1",0.114531755797205,-0.0162585710519034,"Model A","SimpleRandom",350
"1",0.130869957113074,-0.0118383096910307,"Model A","SimpleRandom",250
"1",0.0597908510749476,-0.00526474841006045,"Model A","Spread.one",950
"1",0.0583215654039841,-0.0054759753888093,"Model A","Spread.one",850
"1",0.0606932172405502,-0.00537765253344004,"Model A","Spread.one",750
"1",0.0717987955825674,-0.0061965390652885,"Model A","Spread.one",650
"1",0.0629269593143096,-0.00411104207168492,"Model A","Spread.one",550
"1",0.0772870050302379,-0.00476738356934753,"Model A","Spread.one",350
"1",0.104069448856285,-0.00879662114025917,"Model A","Spread.one",250
"1",0.0590532730192097,-0.00552223351804199,"Model A","SimpleRandom",950
"1",0.0613453502537821,-0.00555970105238505,"Model A","SimpleRandom",850
"1",0.0613743210357729,-0.00871306483961439,"Model A","SimpleRandom",750
"1",0.0663025588934503,-0.00637100799797658,"Model A","SimpleRandom",650
"1",0.0798949413951574,-0.00945262195834105,"Model A","SimpleRandom",550
"1",0.109875967528092,-0.00708346469137976,"Model A","SimpleRandom",350
"1",0.108215015915182,-0.008763676701225,"Model A","SimpleRandom",250
"1",0.0590912573980169,-0.00735192030263949,"Model A","Spread.one",950
"1",0.0589344366670824,-0.0086366137034034,"Model A","Spread.one",850
"1",0.0601173844461378,-0.0051376056998227,"Model A","Spread.one",750
"1",0.0643876654308851,-0.00663601721686946,"Model A","Spread.one",650
"1",0.0640951890637064,-0.00529652217758375,"Model A","Spread.one",550
"1",0.083174865025288,-0.00581893967171995,"Model A","Spread.one",350
"1",0.0971371049802666,-0.00662265529787733,"Model A","Spread.one",250
"1",0.0585351741713829,-0.00508771645307133,"Model A","SimpleRandom",950
"1",0.0619757268778792,-0.00504878924393579,"Model A","SimpleRandom",850
"1",0.0621801605210221,-0.00631006675606916,"Model A","SimpleRandom",750
"1",0.0701162400085289,-0.00860046307396519,"Model A","SimpleRandom",650
"1",0.0798467307195294,-0.00861752559057303,"Model A","SimpleRandom",550
"1",0.103876838629975,-0.0116645301575937,"Model A","SimpleRandom",350
"1",0.163432020313776,-0.0146317187360232,"Model A","SimpleRandom",250
"1",0.0576101801064135,-0.0047863120288539,"Model A","Spread.one",950
"1",0.0579579089691982,-0.00568010911164066,"Model A","Spread.one",850
"1",0.0616346474528098,-0.00563253320803725,"Model A","Spread.one",750
"1",0.0625798415385616,-0.00514996134111934,"Model A","Spread.one",650
"1",0.0707958790600606,-0.00738161663187907,"Model A","Spread.one",550
"1",0.0933944802477588,-0.00660017263307031,"Model A","Spread.one",350
"1",0.111998620716115,-0.00565965245731156,"Model A","Spread.one",250
"1",0.0616433972583091,-0.00496137648067323,"Model A","SimpleRandom",950
"1",0.0630541283959312,-0.00868839727011619,"Model A","SimpleRandom",850
"1",0.0662279329522591,-0.0079927971871515,"Model A","SimpleRandom",750
"1",0.0698986574316296,-0.0094834104514497,"Model A","SimpleRandom",650
"1",0.0683958722139308,-0.00812192298751242,"Model A","SimpleRandom",550
"1",0.094900165586755,-0.00823762190061381,"Model A","SimpleRandom",350
"1",0.130973314164252,-0.00895581568079028,"Model A","SimpleRandom",250
"1",0.0583928591048868,-0.00503580490519668,"Model A","Spread.one",950
"1",0.0590871771286991,-0.00485046432464052,"Model A","Spread.one",850
"1",0.0644345581198777,-0.00532742345860014,"Model A","Spread.one",750
"1",0.0660829358855882,-0.00487333658049821,"Model A","Spread.one",650
"1",0.0714057082293031,-0.00717551432085899,"Model A","Spread.one",550
"1",0.0836902140761976,-0.00394322255381329,"Model A","Spread.one",350
"1",0.0986232785157218,-0.00913945883372392,"Model A","Spread.one",250
"1",0.0578411573574877,-0.00513133270024841,"Model A","SimpleRandom",950
"1",0.0638262059758011,-0.00495323984069074,"Model A","SimpleRandom",850
"1",0.0604407228031103,-0.00707594258771946,"Model A","SimpleRandom",750
"1",0.0608324025283368,-0.00633817051748433,"Model A","SimpleRandom",650
"1",0.0685975222958542,-0.00935496693733414,"Model A","SimpleRandom",550
"1",0.100966253090989,-0.0151247512740355,"Model A","SimpleRandom",350
"1",0.109324313594205,-0.0148919601940795,"Model A","SimpleRandom",250
"1",0.058455356568282,-0.00502956748488062,"Model A","Spread.one",950
"1",0.0593817462694227,-0.00569864624943085,"Model A","Spread.one",850
"1",0.0618248362442629,-0.00520653265382509,"Model A","Spread.one",750
"1",0.0673092264641871,-0.00637788602189622,"Model A","Spread.one",650
"1",0.0789148134297255,-0.00599965536963449,"Model A","Spread.one",550
"1",0.0830401640505657,-0.00670711023245097,"Model A","Spread.one",350
"1",0.125694820228649,-0.0128021619369037,"Model A","Spread.one",250
"1",0.0587040010594928,-0.00440771828295391,"Model A","SimpleRandom",950
"1",0.0602549505051084,-0.0055876278541287,"Model A","SimpleRandom",850
"1",0.0633125033577853,-0.00577060232956467,"Model A","SimpleRandom",750
"1",0.0744342809289762,-0.00517853439079099,"Model A","SimpleRandom",650
"1",0.0779966557803766,-0.00657262431372668,"Model A","SimpleRandom",550
"1",0.0937429721494633,-0.0103900739046484,"Model A","SimpleRandom",350
"1",0.108593202213974,-0.0106101313593508,"Model A","SimpleRandom",250
"1",0.0587507304027722,-0.00490150373253609,"Model A","Spread.one",950
"1",0.0622977087357493,-0.0053925943618708,"Model A","Spread.one",850
"1",0.0588616538094554,-0.00613473279780882,"Model A","Spread.one",750
"1",0.0660595295107476,-0.0065221556192287,"Model A","Spread.one",650
"1",0.0689376883234761,-0.00713052699598931,"Model A","Spread.one",550
"1",0.0900092294073058,-0.00388624689914848,"Model A","Spread.one",350
"1",0.101634196316043,-0.0074123236157292,"Model A","Spread.one",250
"1",0.0581633293209429,-0.00662805661288827,"Model A","SimpleRandom",950
"1",0.0634812218603189,-0.0099501076403517,"Model A","SimpleRandom",850
"1",0.0632285671594199,-0.00505505720464583,"Model A","SimpleRandom",750
"1",0.0666914519753008,-0.00612981204593116,"Model A","SimpleRandom",650
"1",0.0786125572719038,-0.00595683341411389,"Model A","SimpleRandom",550
"1",0.0849570560770805,-0.0112282889775618,"Model A","SimpleRandom",350
"1",0.102571697519569,-0.0174159437455923,"Model A","SimpleRandom",250
"1",0.0582875213010992,-0.00551654214132754,"Model A","Spread.one",950
"1",0.0601032343016898,-0.00626377279090961,"Model A","Spread.one",850
"1",0.0625785699145813,-0.00572944105506511,"Model A","Spread.one",750
"1",0.0654000942542256,-0.00700661655063349,"Model A","Spread.one",650
"1",0.0714403338766267,-0.00361803432968363,"Model A","Spread.one",550
"1",0.0816234388490388,-0.00575943984066178,"Model A","Spread.one",350
"1",0.0964903897084847,-0.00737382035279611,"Model A","Spread.one",250
"1",0.058200521842543,-0.00510750599715572,"Model A","SimpleRandom",950
"1",0.0623690154451995,-0.00464698548513985,"Model A","SimpleRandom",850
"1",0.0602144356063204,-0.00558077813654133,"Model A","SimpleRandom",750
"1",0.0687528935565747,-0.00944920676192606,"Model A","SimpleRandom",650
"1",0.0833610476783403,-0.00706199578967462,"Model A","SimpleRandom",550
"1",0.09235560901735,-0.00872106411430088,"Model A","SimpleRandom",350
"1",0.117174821351797,-0.0162771776297587,"Model A","SimpleRandom",250
"1",0.0585889672227599,-0.00521663595108685,"Model A","Spread.one",950
"1",0.0613654432723825,-0.00526276695285374,"Model A","Spread.one",850
"1",0.0619471128452149,-0.00520506891862678,"Model A","Spread.one",750
"1",0.0622268062041607,-0.00598947414730192,"Model A","Spread.one",650
"1",0.0755115352018307,-0.00527929189368522,"Model A","Spread.one",550
"1",0.0832704410478661,-0.00562294723323878,"Model A","Spread.one",350
"1",0.0973636013810632,-0.0126857416432657,"Model A","Spread.one",250
"1",0.0570297380840239,-0.00490849753575859,"Model A","SimpleRandom",950
"1",0.0614872876850099,-0.00482911766750956,"Model A","SimpleRandom",850
"1",0.0672907238218704,-0.00931525603733561,"Model A","SimpleRandom",750
"1",0.0671152393006237,-0.00891501448359214,"Model A","SimpleRandom",650
"1",0.0697203048356176,-0.00816780849928082,"Model A","SimpleRandom",550
"1",0.0863988667840815,-0.00976674120280704,"Model A","SimpleRandom",350
"1",0.122409618580628,-0.00709127608922713,"Model A","SimpleRandom",250
"1",0.0586419910361653,-0.00498902281053749,"Model A","Spread.one",950
"1",0.0600073792426965,-0.00508155101889136,"Model A","Spread.one",850
"1",0.0601380650995212,-0.00382595960892196,"Model A","Spread.one",750
"1",0.0650685643388461,-0.00701312642478298,"Model A","Spread.one",650
"1",0.0725459259188331,-0.00550583148758641,"Model A","Spread.one",550
"1",0.0803640604779326,-0.00613662360614915,"Model A","Spread.one",350
"1",0.107174438377736,-0.0100297588752911,"Model A","Spread.one",250
"1",0.058732201786477,-0.00559869727324967,"Model A","SimpleRandom",950
"1",0.0602910741016229,-0.00499865943614722,"Model A","SimpleRandom",850
"1",0.0615907918179198,-0.00578702068552357,"Model A","SimpleRandom",750
"1",0.064891742966536,-0.00967729070378694,"Model A","SimpleRandom",650
"1",0.0825774693617286,-0.0169708922432834,"Model A","SimpleRandom",550
"1",0.0905664543470132,-0.00464267336226121,"Model A","SimpleRandom",350
"1",0.120928498974896,-0.0211620861880733,"Model A","SimpleRandom",250
"1",0.0572215899432303,-0.00509043242243203,"Model A","Spread.one",950
"1",0.0614375162646667,-0.00540192065298696,"Model A","Spread.one",850
"1",0.0605614713888778,-0.00485366171099056,"Model A","Spread.one",750
"1",0.0685188539222121,-0.00590138311260934,"Model A","Spread.one",650
"1",0.063811032011506,-0.00573330872873714,"Model A","Spread.one",550
"1",0.0852167348262657,-0.00926492766680509,"Model A","Spread.one",350
"1",0.104398616591158,-0.0031787441870565,"Model A","Spread.one",250
"1",0.0579704789331581,-0.00497980718857403,"Model A","SimpleRandom",950
"1",0.064622355003908,-0.00555371478541015,"Model A","SimpleRandom",850
"1",0.0634562326041999,-0.00557166411535247,"Model A","SimpleRandom",750
"1",0.0701475344440647,-0.00677623340250529,"Model A","SimpleRandom",650
"1",0.0741105420652669,-0.00562301718457616,"Model A","SimpleRandom",550
"1",0.095993654692353,-0.0105309292391809,"Model A","SimpleRandom",350
"1",0.123040703521318,-0.00956146188658398,"Model A","SimpleRandom",250
"1",0.0596788076756585,-0.00511044359656352,"Model A","Spread.one",950
"1",0.058560518944024,-0.00499277808246352,"Model A","Spread.one",850
"1",0.0642537423889177,-0.00584041678229648,"Model A","Spread.one",750
"1",0.0679513078788317,-0.00593399009334732,"Model A","Spread.one",650
"1",0.0697543207475638,-0.00608398749007982,"Model A","Spread.one",550
"1",0.0820997875610849,-0.00167470452106581,"Model A","Spread.one",350
"1",0.115553537741283,-0.00706159587837974,"Model A","Spread.one",250
"1",0.0616429695040305,-0.00527328219384545,"Model A","SimpleRandom",950
"1",0.0611868448224211,-0.0053760251017995,"Model A","SimpleRandom",850
"1",0.0593090567166303,-0.0059285133017087,"Model A","SimpleRandom",750
"1",0.068298669807916,-0.00554391790756448,"Model A","SimpleRandom",650
"1",0.085328840499089,-0.00693651155427232,"Model A","SimpleRandom",550
"1",0.104433395725055,-0.0069565630865269,"Model A","SimpleRandom",350
"1",0.110418486286148,-0.00870686729654304,"Model A","SimpleRandom",250
"1",0.0584656447529806,-0.00514160494789876,"Model A","Spread.one",950
"1",0.060789920141005,-0.00558598889086857,"Model A","Spread.one",850
"1",0.0603508168048494,-0.0058389227993687,"Model A","Spread.one",750
"1",0.0678514345919458,-0.00551595217785943,"Model A","Spread.one",650
"1",0.0826912770499967,-0.00723495134654697,"Model A","Spread.one",550
"1",0.0990323517402455,-0.00886255656392368,"Model A","Spread.one",350
"1",0.113390040422061,-0.00379563209007245,"Model A","Spread.one",250
"1",0.0593510343748386,-0.0059060178307162,"Model A","SimpleRandom",950
"1",0.0597755554505827,-0.00499721128407768,"Model A","SimpleRandom",850
"1",0.060649397921583,-0.0049465415455021,"Model A","SimpleRandom",750
"1",0.068707872192887,-0.00579521076941863,"Model A","SimpleRandom",650
"1",0.072934423021892,-0.00696480027677125,"Model A","SimpleRandom",550
"1",0.103041287161247,-0.0108731660775417,"Model A","SimpleRandom",350
"1",0.104754174360044,-0.0147544204551417,"Model A","SimpleRandom",250
"1",0.0581806224479008,-0.00493808572538433,"Model A","Spread.one",950
"1",0.0591023382605128,-0.00518282134038096,"Model A","Spread.one",850
"1",0.0652020257261307,-0.00695092967564406,"Model A","Spread.one",750
"1",0.0705294122510836,-0.00382263105727044,"Model A","Spread.one",650
"1",0.0664200042705707,-0.00727126112784601,"Model A","Spread.one",550
"1",0.0810026170437319,-0.00582606850953597,"Model A","Spread.one",350
"1",0.112957769113672,-0.00583747590388807,"Model A","Spread.one",250
"1",0.0574517239028543,-0.00528983061581039,"Model A","SimpleRandom",950
"1",0.0626752493259852,-0.00617202648631337,"Model A","SimpleRandom",850
"1",0.0669801571818145,-0.00584227280982752,"Model A","SimpleRandom",750
"1",0.0653885059054021,-0.00576735501225147,"Model A","SimpleRandom",650
"1",0.0818458882428529,-0.0072748871307797,"Model A","SimpleRandom",550
"1",0.116907796731167,-0.0130139082038666,"Model A","SimpleRandom",350
"1",0.113501440530075,-0.014976429214235,"Model A","SimpleRandom",250
"1",0.0575310176883759,-0.00495420475152156,"Model A","Spread.one",950
"1",0.0585288270705662,-0.00505194011754686,"Model A","Spread.one",850
"1",0.0652881287970926,-0.00664935245425988,"Model A","Spread.one",750
"1",0.0606050208821798,-0.00478425259710655,"Model A","Spread.one",650
"1",0.0697991388799965,-0.00242931268118265,"Model A","Spread.one",550
"1",0.0829077975182851,-0.00766996307374948,"Model A","Spread.one",350
"1",0.102094258550641,-0.00496572883288155,"Model A","Spread.one",250
"1",0.0590983566725026,-0.00491251820838886,"Model A","SimpleRandom",950
"1",0.0597760969263316,-0.00527346494855674,"Model A","SimpleRandom",850
"1",0.0661870359626111,-0.00811878889504256,"Model A","SimpleRandom",750
"1",0.0672459220117134,-0.00989809409806656,"Model A","SimpleRandom",650
"1",0.0764283111815052,-0.00495043839025519,"Model A","SimpleRandom",550
"1",0.109813233950191,-0.0078569629035098,"Model A","SimpleRandom",350
"1",0.130282138454594,-0.0203259652986906,"Model A","SimpleRandom",250
"1",0.0599188203725165,-0.00494438063789147,"Model A","Spread.one",950
"1",0.0602640708337484,-0.00561502666512028,"Model A","Spread.one",850
"1",0.0637294574484858,-0.00567488987688734,"Model A","Spread.one",750
"1",0.0646123145439312,-0.00555093896729926,"Model A","Spread.one",650
"1",0.0721972344359598,-0.00711235118521997,"Model A","Spread.one",550
"1",0.080672469200249,-0.00739290214278754,"Model A","Spread.one",350
"1",0.11477428039792,-0.0124779763729639,"Model A","Spread.one",250
"1",0.0584902988165841,-0.0044178995972799,"Model A","SimpleRandom",950
"1",0.0615411545688115,-0.00589493603532168,"Model A","SimpleRandom",850
"1",0.0607367169234356,-0.00621328985094247,"Model A","SimpleRandom",750
"1",0.0698852386526303,-0.0104620323267767,"Model A","SimpleRandom",650
"1",0.0725917520997038,-0.00647197894450008,"Model A","SimpleRandom",550
"1",0.106340216265291,-0.0156826683878377,"Model A","SimpleRandom",350
"1",0.119556858609129,-0.00781978120166926,"Model A","SimpleRandom",250
"1",0.0586247958737046,-0.00501803202146166,"Model A","Spread.one",950
"1",0.0600320755224011,-0.00520716067724399,"Model A","Spread.one",850
"1",0.0624786576085343,-0.00544292839556307,"Model A","Spread.one",750
"1",0.0675088410486802,-0.0057885275507131,"Model A","Spread.one",650
"1",0.0735331499682811,-0.00691583829359504,"Model A","Spread.one",550
"1",0.0838274292295894,-0.00971347898246559,"Model A","Spread.one",350
"1",0.0999666098063299,-0.00912337357867134,"Model A","Spread.one",250
"1",0.0584210813877933,-0.00517684037905311,"Model A","SimpleRandom",950
"1",0.0588965609631624,-0.00563802618792773,"Model A","SimpleRandom",850
"1",0.0605559783550009,-0.00547769200379035,"Model A","SimpleRandom",750
"1",0.0707212861723629,-0.0064063021083861,"Model A","SimpleRandom",650
"1",0.0845872701374362,-0.00657319099747705,"Model A","SimpleRandom",550
"1",0.117442631179103,-0.0130238915167321,"Model A","SimpleRandom",350
"1",0.0981516500433598,-0.0142062026679841,"Model A","SimpleRandom",250
"1",0.0581329267885995,-0.00514686807328114,"Model A","Spread.one",950
"1",0.0590302239195924,-0.00559705210842712,"Model A","Spread.one",850
"1",0.062821911344376,-0.0056592714755926,"Model A","Spread.one",750
"1",0.0623200617959653,-0.00633880029970568,"Model A","Spread.one",650
"1",0.0703375259658303,-0.00625592636883731,"Model A","Spread.one",550
"1",0.0770025462485905,-0.00430726894396805,"Model A","Spread.one",350
"1",0.0991123999710577,-0.00889216842298489,"Model A","Spread.one",250
"1",0.0582108131027352,-0.00549292793688406,"Model A","SimpleRandom",950
"1",0.0585913438381879,-0.00529349187892142,"Model A","SimpleRandom",850
"1",0.0600472715839147,-0.00522511301686637,"Model A","SimpleRandom",750
"1",0.0675900326526011,-0.00646383022098382,"Model A","SimpleRandom",650
"1",0.0691030567016845,-0.00517283207863099,"Model A","SimpleRandom",550
"1",0.0852795699633593,-0.00939170031143867,"Model A","SimpleRandom",350
"1",0.116382350946008,-0.0149471619426475,"Model A","SimpleRandom",250
"1",0.058580759106809,-0.00510271991414851,"Model A","Spread.one",950
"1",0.0595272407632302,-0.00514893342444957,"Model A","Spread.one",850
"1",0.0612654033382487,-0.0058768178387923,"Model A","Spread.one",750
"1",0.0644116505836669,-0.00489273228905104,"Model A","Spread.one",650
"1",0.0781031887202269,-0.00589357644248832,"Model A","Spread.one",550
"1",0.0740991170931572,-0.00471497518723153,"Model A","Spread.one",350
"1",0.109854150241806,-0.00350213845712611,"Model A","Spread.one",250
"1",0.057101785080417,-0.00491738292089061,"Model A","SimpleRandom",950
"1",0.0585715636669159,-0.00586722913032457,"Model A","SimpleRandom",850
"1",0.0652949764658758,-0.0107960374392702,"Model A","SimpleRandom",750
"1",0.0741667466803105,-0.00544533426547886,"Model A","SimpleRandom",650
"1",0.0719906050241207,-0.0121024394015084,"Model A","SimpleRandom",550
"1",0.109993530433526,-0.00762514989102084,"Model A","SimpleRandom",350
"1",0.141986420128374,-0.0172632293621635,"Model A","SimpleRandom",250
"1",0.0580563727013867,-0.00503934601708116,"Model A","Spread.one",950
"1",0.0617558179454449,-0.00495647084331069,"Model A","Spread.one",850
"1",0.0590234761546287,-0.00546574858665889,"Model A","Spread.one",750
"1",0.0665689000711633,-0.0054203328188816,"Model A","Spread.one",650
"1",0.0725098048097377,-0.00660808701124553,"Model A","Spread.one",550
"1",0.090475616995235,-0.00705548792338684,"Model A","Spread.one",350
"1",0.105143511573766,-0.00738614417101659,"Model A","Spread.one",250
"1",0.0588385344475463,-0.00487999739200027,"Model A","SimpleRandom",950
"1",0.0590829465217203,-0.0051877099000801,"Model A","SimpleRandom",850
"1",0.0628742628994355,-0.00542521605044978,"Model A","SimpleRandom",750
"1",0.070692960788148,-0.00940556475455566,"Model A","SimpleRandom",650
"1",0.0662630724924597,-0.00530839854768042,"Model A","SimpleRandom",550
"1",0.115033368796286,-0.012909628627627,"Model A","SimpleRandom",350
"1",0.148903646365553,-0.0186743913614537,"Model A","SimpleRandom",250
"1",0.0585752847410179,-0.00501521951671257,"Model A","Spread.one",950
"1",0.0630881398963702,-0.00486105017725757,"Model A","Spread.one",850
"1",0.0690292447689185,-0.00574198503183771,"Model A","Spread.one",750
"1",0.0693735901951089,-0.00601549100878371,"Model A","Spread.one",650
"1",0.063636250061508,-0.00564693365404617,"Model A","Spread.one",550
"1",0.0864749851993631,-0.00904852005690011,"Model A","Spread.one",350
"1",0.111975543738618,-0.00327450205289954,"Model A","Spread.one",250
"1",0.0594643977363644,-0.00507468012621508,"Model A","SimpleRandom",950
"1",0.0596613591472442,-0.00529396375449732,"Model A","SimpleRandom",850
"1",0.0663019058169643,-0.00599091686102302,"Model A","SimpleRandom",750
"1",0.0653796410293702,-0.00531934850048071,"Model A","SimpleRandom",650
"1",0.0676224581051187,-0.00850043483464327,"Model A","SimpleRandom",550
"1",0.080485675761961,-0.00725164206661429,"Model A","SimpleRandom",350
"1",0.101919051704958,-0.0317657261345992,"Model A","SimpleRandom",250
"1",0.0571208417727663,-0.0046242497983527,"Model A","Spread.one",950
"1",0.0598289497109346,-0.00562695267419958,"Model A","Spread.one",850
"1",0.0622169105632497,-0.00484415845925569,"Model A","Spread.one",750
"1",0.0687309032250832,-0.00657461423836381,"Model A","Spread.one",650
"1",0.0723013475275738,-0.00612576174606234,"Model A","Spread.one",550
"1",0.0891235411756652,-0.00820705557269542,"Model A","Spread.one",350
"1",0.104241512095372,-0.00803590461702326,"Model A","Spread.one",250
"1",0.0598316548109513,-0.00553292282625188,"Model A","SimpleRandom",950
"1",0.0642301001369967,-0.00623987740907005,"Model A","SimpleRandom",850
"1",0.0634762654622118,-0.00544581154707597,"Model A","SimpleRandom",750
"1",0.0697499621144533,-0.00562804501461158,"Model A","SimpleRandom",650
"1",0.067291410631595,-0.00958773718133003,"Model A","SimpleRandom",550
"1",0.102494957793601,-0.00665673897281364,"Model A","SimpleRandom",350
"1",0.132879102263556,-0.0354381835073992,"Model A","SimpleRandom",250
"1",0.0586244638179454,-0.00520841083675862,"Model A","Spread.one",950
"1",0.0580112030074145,-0.00490435059774271,"Model A","Spread.one",850
"1",0.0640524387524115,-0.0051045517488069,"Model A","Spread.one",750
"1",0.0658779167354515,-0.0057659119511365,"Model A","Spread.one",650
"1",0.0762568817732991,-0.00533625676411287,"Model A","Spread.one",550
"1",0.0854977228700932,-0.004738660256626,"Model A","Spread.one",350
"1",0.0931988946941762,-0.011390531818103,"Model A","Spread.one",250
"1",0.0586162886686384,-0.00580658838561337,"Model A","SimpleRandom",950
"1",0.0672610401987136,-0.00830794392723948,"Model A","SimpleRandom",850
"1",0.0677500345264496,-0.00497796804103223,"Model A","SimpleRandom",750
"1",0.0665492870086662,-0.00611080862214355,"Model A","SimpleRandom",650
"1",0.077438554824095,-0.0103030852121226,"Model A","SimpleRandom",550
"1",0.0749857884848902,-0.00741549484098561,"Model A","SimpleRandom",350
"1",0.147082312585571,-0.00806092853565989,"Model A","SimpleRandom",250
"1",0.0572064130535979,-0.00516432319772833,"Model A","Spread.one",950
"1",0.0574948137813421,-0.00508662656040261,"Model A","Spread.one",850
"1",0.0639004006112768,-0.00584771910389718,"Model A","Spread.one",750
"1",0.0699978443861689,-0.00609366872246436,"Model A","Spread.one",650
"1",0.0630056599508712,-0.00631556722448829,"Model A","Spread.one",550
"1",0.0809795763645554,-0.00823815325495465,"Model A","Spread.one",350
"1",0.0968877165722453,-0.00657346237075833,"Model A","Spread.one",250
"1",0.0577345525542365,-0.00492033912956073,"Model A","SimpleRandom",950
"1",0.0610050962742036,-0.00521242608651661,"Model A","SimpleRandom",850
"1",0.0636406888073245,-0.00627180653888322,"Model A","SimpleRandom",750
"1",0.0682360913578059,-0.00605519645912616,"Model A","SimpleRandom",650
"1",0.0703802820672744,-0.00647733103347469,"Model A","SimpleRandom",550
"1",0.0939062992377474,-0.0196374621402466,"Model A","SimpleRandom",350
"1",0.117887901195952,-0.0238856960074822,"Model A","SimpleRandom",250
"1",0.0581826996820371,-0.00546116275626062,"Model A","Spread.one",950
"1",0.0591171328565398,-0.00485196188581525,"Model A","Spread.one",850
"1",0.0617669638558982,-0.00537703422946728,"Model A","Spread.one",750
"1",0.0657684163900339,-0.00665728981936938,"Model A","Spread.one",650
"1",0.0692801626983866,-0.00792073076451701,"Model A","Spread.one",550
"1",0.0775896580018035,-0.00876911044500496,"Model A","Spread.one",350
"1",0.0913734630288026,-0.0117401235098556,"Model A","Spread.one",250
"1",0.0574570729891447,-0.00479843548533584,"Model A","SimpleRandom",950
"1",0.0634469171067233,-0.00521988301341366,"Model A","SimpleRandom",850
"1",0.0629456575305335,-0.006869829650198,"Model A","SimpleRandom",750
"1",0.0708675935798548,-0.00648354306638028,"Model A","SimpleRandom",650
"1",0.0664409302866963,-0.0129171605933291,"Model A","SimpleRandom",550
"1",0.0958448736681639,-0.0143383059695324,"Model A","SimpleRandom",350
"1",0.109021798274333,-0.01319725088238,"Model A","SimpleRandom",250
"1",0.0586504995539994,-0.00513699346436647,"Model A","Spread.one",950
"1",0.057989840636394,-0.00525290021849631,"Model A","Spread.one",850
"1",0.0605557178321564,-0.00505640667188616,"Model A","Spread.one",750
"1",0.0642177998613154,-0.00579073409069347,"Model A","Spread.one",650
"1",0.0727910695160771,-0.00634997787808185,"Model A","Spread.one",550
"1",0.0828660160351846,-0.00973124989916755,"Model A","Spread.one",350
"1",0.116327578446934,-0.0111861375839276,"Model A","Spread.one",250
"1",0.0570373725968864,-0.00499871505533283,"Model A","SimpleRandom",950
"1",0.0614152729814092,-0.00484015473614818,"Model A","SimpleRandom",850
"1",0.0631079876742058,-0.00529506934585592,"Model A","SimpleRandom",750
"1",0.0633367419977223,-0.00684711531650597,"Model A","SimpleRandom",650
"1",0.0720191269108982,-0.00582512017952169,"Model A","SimpleRandom",550
"1",0.103114996279525,-0.00812093876303206,"Model A","SimpleRandom",350
"1",0.119910378243103,-0.0268356170361279,"Model A","SimpleRandom",250
"1",0.0570792973566535,-0.00498364393793101,"Model A","Spread.one",950
"1",0.0604077033805583,-0.00534569090092476,"Model A","Spread.one",850
"1",0.0655305797947228,-0.00885848518792497,"Model A","Spread.one",750
"1",0.0606079737988358,-0.00565458924635367,"Model A","Spread.one",650
"1",0.0684775478500855,-0.00605961052112111,"Model A","Spread.one",550
"1",0.0826793331418376,-0.00412247324668589,"Model A","Spread.one",350
"1",0.102619284276786,-0.00760113739419296,"Model A","Spread.one",250
"1",0.0572860699635707,-0.00505222623820136,"Model A","SimpleRandom",950
"1",0.0647778942342688,-0.00493704769127809,"Model A","SimpleRandom",850
"1",0.0584454478334075,-0.00548618415866046,"Model A","SimpleRandom",750
"1",0.065563389122591,-0.00541872481569323,"Model A","SimpleRandom",650
"1",0.0697293382284346,-0.00666373882204141,"Model A","SimpleRandom",550
"1",0.09304459466853,-0.00638611687359851,"Model A","SimpleRandom",350
"1",0.127189258017599,-0.00687203858866985,"Model A","SimpleRandom",250
"1",0.0572338970719771,-0.00503321222105087,"Model A","Spread.one",950
"1",0.0596295309756563,-0.00505045743764965,"Model A","Spread.one",850
"1",0.0652160806810919,-0.00548304130560835,"Model A","Spread.one",750
"1",0.0666277211774823,-0.00482439244798636,"Model A","Spread.one",650
"1",0.062828227069197,-0.00702815138446704,"Model A","Spread.one",550
"1",0.0418490361564341,-0.00259756269233097,"Model C","SimpleRandom",950
"1",0.0446320007446595,-0.00296084954441996,"Model C","SimpleRandom",850
"1",0.0467888365255501,-0.0045553860869172,"Model C","SimpleRandom",750
"1",0.048223775909524,-0.00388468845327906,"Model C","SimpleRandom",650
"1",0.0647726107263175,-0.00605654489332285,"Model C","SimpleRandom",550
"1",0.0884771870640043,-0.009389507940282,"Model C","SimpleRandom",350
"1",0.10318662069504,-0.00819431654968004,"Model C","SimpleRandom",250
"1",0.0433207137920692,-0.00273704880082912,"Model C","Spread.one",950
"1",0.0433312610325853,-0.00308735677318731,"Model C","Spread.one",850
"1",0.0450375322445031,-0.00295955298349044,"Model C","Spread.one",750
"1",0.0555260598769595,-0.00387803176255297,"Model C","Spread.one",650
"1",0.0470631921047199,-0.0037889996901825,"Model C","Spread.one",550
"1",0.0574352151577937,-0.00488180143706545,"Model C","Spread.one",350
"1",0.0789946161154276,-0.00976530623868345,"Model C","Spread.one",250
"1",0.0431969716354094,-0.00280262200902425,"Model C","SimpleRandom",950
"1",0.0446187159163352,-0.00287584911471199,"Model C","SimpleRandom",850
"1",0.0437231666901318,-0.00357291543537689,"Model C","SimpleRandom",750
"1",0.0485656850288028,-0.00420310536820256,"Model C","SimpleRandom",650
"1",0.0591035836871488,-0.00481000606268367,"Model C","SimpleRandom",550
"1",0.0876925892645602,-0.00627817956498419,"Model C","SimpleRandom",350
"1",0.0806795563573343,-0.0117686973066108,"Model C","SimpleRandom",250
"1",0.0431695867593579,-0.00295620735583681,"Model C","Spread.one",950
"1",0.0421110479138818,-0.00298421186557246,"Model C","Spread.one",850
"1",0.0446367051127173,-0.0027295599789751,"Model C","Spread.one",750
"1",0.048114179776601,-0.00316701895529038,"Model C","Spread.one",650
"1",0.0461150367590083,-0.00431429942402001,"Model C","Spread.one",550
"1",0.0635119912201465,-0.00731128246134383,"Model C","Spread.one",350
"1",0.0785840636065386,-0.00891688901872539,"Model C","Spread.one",250
"1",0.0431486198894093,-0.00265207672541431,"Model C","SimpleRandom",950
"1",0.0460768390465812,-0.00280872321997766,"Model C","SimpleRandom",850
"1",0.0450077590062192,-0.00315919099243204,"Model C","SimpleRandom",750
"1",0.0519100278679362,-0.0043461017473856,"Model C","SimpleRandom",650
"1",0.0616407727094932,-0.00583985461297664,"Model C","SimpleRandom",550
"1",0.0817240369739218,-0.00680875033496262,"Model C","SimpleRandom",350
"1",0.139223642935439,-0.013049085678471,"Model C","SimpleRandom",250
"1",0.041999812447697,-0.00242424224252804,"Model C","Spread.one",950
"1",0.0421063440409846,-0.00246600404418191,"Model C","Spread.one",850
"1",0.044809103068788,-0.00337421037900002,"Model C","Spread.one",750
"1",0.0464613977279047,-0.00292663866971598,"Model C","Spread.one",650
"1",0.0539759739267965,-0.00479888282288294,"Model C","Spread.one",550
"1",0.0727777087973356,-0.00543318119403022,"Model C","Spread.one",350
"1",0.0842395042731573,-0.0101158030134811,"Model C","Spread.one",250
"1",0.0458808272472905,-0.00281263878625452,"Model C","SimpleRandom",950
"1",0.0460145941438049,-0.00277075783251536,"Model C","SimpleRandom",850
"1",0.0480562393980163,-0.00380978840512836,"Model C","SimpleRandom",750
"1",0.051763165161648,-0.00444963923447303,"Model C","SimpleRandom",650
"1",0.0506395187489586,-0.00443200685504619,"Model C","SimpleRandom",550
"1",0.0730095808859207,-0.00499716019978428,"Model C","SimpleRandom",350
"1",0.105071714788177,-0.0101483659299389,"Model C","SimpleRandom",250
"1",0.043134728906687,-0.00277237774546473,"Model C","Spread.one",950
"1",0.0433039612518594,-0.00226274886382279,"Model C","Spread.one",850
"1",0.0478153818109059,-0.00329350577954424,"Model C","Spread.one",750
"1",0.0497506726441878,-0.00305680225506526,"Model C","Spread.one",650
"1",0.0542403228439991,-0.00542456000461151,"Model C","Spread.one",550
"1",0.0625059254896932,-0.00537577001547489,"Model C","Spread.one",350
"1",0.0741891096100134,-0.00752803352141338,"Model C","Spread.one",250
"1",0.0421145434989921,-0.00307713575874809,"Model C","SimpleRandom",950
"1",0.0461969578549077,-0.00264661767354272,"Model C","SimpleRandom",850
"1",0.0436408474249986,-0.00322306465191433,"Model C","SimpleRandom",750
"1",0.0440146290794338,-0.00381369641072532,"Model C","SimpleRandom",650
"1",0.0507200471579662,-0.00472124483463645,"Model C","SimpleRandom",550
"1",0.0774120394008838,-0.00792559118271165,"Model C","SimpleRandom",350
"1",0.0814670406455591,-0.0152719779940872,"Model C","SimpleRandom",250
"1",0.0430899000096912,-0.00264989646660805,"Model C","Spread.one",950
"1",0.0424163929025387,-0.0036110463139653,"Model C","Spread.one",850
"1",0.0451236284217346,-0.00306957726972209,"Model C","Spread.one",750
"1",0.0500259325505551,-0.00380594788439829,"Model C","Spread.one",650
"1",0.0583901855678212,-0.00303004218313713,"Model C","Spread.one",550
"1",0.0596993295502021,-0.00319024188841144,"Model C","Spread.one",350
"1",0.102971844226698,-0.0121285399940276,"Model C","Spread.one",250
"1",0.0431341247854979,-0.00224261444181111,"Model C","SimpleRandom",950
"1",0.0446319216023373,-0.00278523957697591,"Model C","SimpleRandom",850
"1",0.0463259984026352,-0.00293331460364205,"Model C","SimpleRandom",750
"1",0.0558946707444427,-0.00336133996361922,"Model C","SimpleRandom",650
"1",0.0567078456436854,-0.003028253953593,"Model C","SimpleRandom",550
"1",0.0732531831509879,-0.00812835609638957,"Model C","SimpleRandom",350
"1",0.0834737661297497,-0.00772417557882483,"Model C","SimpleRandom",250
"1",0.0431185374357381,-0.00267403094262515,"Model C","Spread.one",950
"1",0.0449605703458564,-0.002930969993839,"Model C","Spread.one",850
"1",0.0435584132239188,-0.00342876911379919,"Model C","Spread.one",750
"1",0.0484474516275091,-0.00376646743092392,"Model C","Spread.one",650
"1",0.0503150158535225,-0.00431118476767509,"Model C","Spread.one",550
"1",0.0721712714626615,-0.00554603229302964,"Model C","Spread.one",350
"1",0.0789598624279651,-0.00867839871319628,"Model C","Spread.one",250
"1",0.0419516370415962,-0.00279228125909733,"Model C","SimpleRandom",950
"1",0.0461139972909616,-0.00337349805628337,"Model C","SimpleRandom",850
"1",0.046491432593105,-0.00268834301651756,"Model C","SimpleRandom",750
"1",0.0499757032381235,-0.00355284845494585,"Model C","SimpleRandom",650
"1",0.06131859656826,-0.00371001809675322,"Model C","SimpleRandom",550
"1",0.0633844295123224,-0.00683263685877804,"Model C","SimpleRandom",350
"1",0.0765265528447057,-0.0120610542850752,"Model C","SimpleRandom",250
"1",0.0431931529779757,-0.00279568485102273,"Model C","Spread.one",950
"1",0.0436536500239242,-0.00312150493900731,"Model C","Spread.one",850
"1",0.046419393632518,-0.00347211636698709,"Model C","Spread.one",750
"1",0.0481153470198141,-0.00374310234633399,"Model C","Spread.one",650
"1",0.0541720910345786,-0.00288693920077724,"Model C","Spread.one",550
"1",0.0600769550275292,-0.00452941896840757,"Model C","Spread.one",350
"1",0.0746738724264094,-0.00882541642230823,"Model C","Spread.one",250
"1",0.0420679421671558,-0.00262997070191529,"Model C","SimpleRandom",950
"1",0.0461624813146681,-0.0026827652366424,"Model C","SimpleRandom",850
"1",0.0446866856131727,-0.00298199867785417,"Model C","SimpleRandom",750
"1",0.050150216826456,-0.00468730086608283,"Model C","SimpleRandom",650
"1",0.0648270768310919,-0.00435412710415746,"Model C","SimpleRandom",550
"1",0.0663552771824782,-0.00598088994186106,"Model C","SimpleRandom",350
"1",0.0904081994867173,-0.0126367156009235,"Model C","SimpleRandom",250
"1",0.0431941821651316,-0.00262464512363242,"Model C","Spread.one",950
"1",0.0448927212998027,-0.00312658827595647,"Model C","Spread.one",850
"1",0.0449836782215065,-0.00275931760150327,"Model C","Spread.one",750
"1",0.0450499741405492,-0.0031064085297209,"Model C","Spread.one",650
"1",0.0582026029133113,-0.00334194719888698,"Model C","Spread.one",550
"1",0.0621688572741125,-0.00573500333170382,"Model C","Spread.one",350
"1",0.0716445375030097,-0.0121744338462234,"Model C","Spread.one",250
"1",0.0418566370993757,-0.00258337337824798,"Model C","SimpleRandom",950
"1",0.0458902575188882,-0.00266461240215605,"Model C","SimpleRandom",850
"1",0.0496208134242555,-0.00377537369377826,"Model C","SimpleRandom",750
"1",0.0484838741344879,-0.00358158512330092,"Model C","SimpleRandom",650
"1",0.0525001947079322,-0.00461637134126958,"Model C","SimpleRandom",550
"1",0.0660578196383249,-0.00707722324669974,"Model C","SimpleRandom",350
"1",0.0963702616439747,-0.00748002389911432,"Model C","SimpleRandom",250
"1",0.0431487389937538,-0.00266072181473422,"Model C","Spread.one",950
"1",0.0445961096754961,-0.00277061334064427,"Model C","Spread.one",850
"1",0.044896281832782,-0.00263430614776504,"Model C","Spread.one",750
"1",0.0481563500289136,-0.00436097064472514,"Model C","Spread.one",650
"1",0.0537977671690776,-0.00325084846037533,"Model C","Spread.one",550
"1",0.0600140735636312,-0.00522295952501968,"Model C","Spread.one",350
"1",0.0837942940752982,-0.0114304609624094,"Model C","Spread.one",250
"1",0.0431571828105416,-0.00301300697231514,"Model C","SimpleRandom",950
"1",0.0445754197253344,-0.00298838404441383,"Model C","SimpleRandom",850
"1",0.0461982526987661,-0.00347512133158425,"Model C","SimpleRandom",750
"1",0.0442740847622969,-0.0039513596878481,"Model C","SimpleRandom",650
"1",0.0588711532981608,-0.00401635688620402,"Model C","SimpleRandom",550
"1",0.0695537036866782,-0.00533527204175571,"Model C","SimpleRandom",350
"1",0.0958892330377341,-0.00756914754400882,"Model C","SimpleRandom",250
"1",0.0418665292657812,-0.0026470660279134,"Model C","Spread.one",950
"1",0.0460975387395766,-0.0030780857618965,"Model C","Spread.one",850
"1",0.0449259500169614,-0.00310260138990367,"Model C","Spread.one",750
"1",0.0516334046259678,-0.00374130146693512,"Model C","Spread.one",650
"1",0.0465933351081943,-0.00281852500407783,"Model C","Spread.one",550
"1",0.0629157499845469,-0.00733428185028793,"Model C","Spread.one",350
"1",0.0784115002692853,-0.00724848233295794,"Model C","Spread.one",250
"1",0.0430986768327085,-0.00270712338346722,"Model C","SimpleRandom",950
"1",0.0494723871194356,-0.00305526772526325,"Model C","SimpleRandom",850
"1",0.0480209638461104,-0.00373037048248929,"Model C","SimpleRandom",750
"1",0.0534462462980878,-0.00384891940752805,"Model C","SimpleRandom",650
"1",0.0564088970120252,-0.00406721484318659,"Model C","SimpleRandom",550
"1",0.0735640719357803,-0.00718447503511441,"Model C","SimpleRandom",350
"1",0.0967628690882783,-0.00876934415205843,"Model C","SimpleRandom",250
"1",0.0445264838861632,-0.00276209434019303,"Model C","Spread.one",950
"1",0.0432726846492768,-0.00303270439868858,"Model C","Spread.one",850
"1",0.0477367077210981,-0.0032513239091319,"Model C","Spread.one",750
"1",0.0513906104420096,-0.00349412172611775,"Model C","Spread.one",650
"1",0.0518541268301998,-0.00366480540724081,"Model C","Spread.one",550
"1",0.0622624622621536,-0.00383720418671693,"Model C","Spread.one",350
"1",0.0893307913408471,-0.00901865535054354,"Model C","Spread.one",250
"1",0.0446408594380225,-0.00274324565642877,"Model C","SimpleRandom",950
"1",0.0459495529913223,-0.00290671462967675,"Model C","SimpleRandom",850
"1",0.0426795012360183,-0.0030055403902257,"Model C","SimpleRandom",750
"1",0.0514985680194787,-0.00325764049927156,"Model C","SimpleRandom",650
"1",0.0675076513489118,-0.00464976405778814,"Model C","SimpleRandom",550
"1",0.0812461821507911,-0.00362385510758594,"Model C","SimpleRandom",350
"1",0.084449444377995,-0.00872130020943938,"Model C","SimpleRandom",250
"1",0.0430724246451955,-0.00263295204011533,"Model C","Spread.one",950
"1",0.0435331701538913,-0.00293077015591234,"Model C","Spread.one",850
"1",0.0447778463348361,-0.00299395403209622,"Model C","Spread.one",750
"1",0.0498320942308388,-0.00339177311855445,"Model C","Spread.one",650
"1",0.0641017957793575,-0.00327919941796635,"Model C","Spread.one",550
"1",0.0771926357582978,-0.00563714788179926,"Model C","Spread.one",350
"1",0.0881099566993548,-0.00535964528951838,"Model C","Spread.one",250
"1",0.0432467719497815,-0.00265245694184447,"Model C","SimpleRandom",950
"1",0.043511651169209,-0.00310652935270126,"Model C","SimpleRandom",850
"1",0.0450696617666163,-0.00275992796393187,"Model C","SimpleRandom",750
"1",0.0518823550466038,-0.0037470980816868,"Model C","SimpleRandom",650
"1",0.0544100417533924,-0.00452039774501481,"Model C","SimpleRandom",550
"1",0.0830504917732949,-0.0103645534788917,"Model C","SimpleRandom",350
"1",0.0844981024190868,-0.0156638153172754,"Model C","SimpleRandom",250
"1",0.0431477590601781,-0.00267869390207674,"Model C","Spread.one",950
"1",0.0424636271901274,-0.00264145231790347,"Model C","Spread.one",850
"1",0.0493750869272821,-0.00328665336058594,"Model C","Spread.one",750
"1",0.0533452706991084,-0.00313893559555522,"Model C","Spread.one",650
"1",0.0489431567277664,-0.00494888337593799,"Model C","Spread.one",550
"1",0.0602558756071305,-0.0060216023672328,"Model C","Spread.one",350
"1",0.0887050859030336,-0.00907702336001845,"Model C","Spread.one",250
"1",0.0419017669988924,-0.00257556556270068,"Model C","SimpleRandom",950
"1",0.0462475484252339,-0.00308200584686811,"Model C","SimpleRandom",850
"1",0.0497088766864987,-0.00282065149529094,"Model C","SimpleRandom",750
"1",0.0499321482682528,-0.00367052388661429,"Model C","SimpleRandom",650
"1",0.0613094407742833,-0.0044131713847683,"Model C","SimpleRandom",550
"1",0.0950754454914813,-0.0067535981968996,"Model C","SimpleRandom",350
"1",0.0866956440670153,-0.0115977739614042,"Model C","SimpleRandom",250
"1",0.0419816536539768,-0.00258535396220677,"Model C","Spread.one",950
"1",0.0433934514080254,-0.00310166606376183,"Model C","Spread.one",850
"1",0.0480243410569246,-0.00352242729062124,"Model C","Spread.one",750
"1",0.0450739705706251,-0.00282581508655823,"Model C","Spread.one",650
"1",0.0538328275345858,-0.00379429249705889,"Model C","Spread.one",550
"1",0.0630665537543274,-0.00658830158132492,"Model C","Spread.one",350
"1",0.0791420826098057,-0.00929906959573753,"Model C","Spread.one",250
"1",0.0433245498292995,-0.00259361299680406,"Model C","SimpleRandom",950
"1",0.0445912263626183,-0.00289338873545237,"Model C","SimpleRandom",850
"1",0.047857095884652,-0.00334238015316981,"Model C","SimpleRandom",750
"1",0.0471520243866008,-0.0037767754306312,"Model C","SimpleRandom",650
"1",0.0586235673754288,-0.00355239471719081,"Model C","SimpleRandom",550
"1",0.0888172478983981,-0.00916317510750215,"Model C","SimpleRandom",350
"1",0.104536597854518,-0.0102792059920296,"Model C","SimpleRandom",250
"1",0.0445418395461103,-0.0028152408325858,"Model C","Spread.one",950
"1",0.0434684968279321,-0.00263761056483681,"Model C","Spread.one",850
"1",0.0467923646409849,-0.00359950663515494,"Model C","Spread.one",750
"1",0.0481426775681345,-0.00294337223667184,"Model C","Spread.one",650
"1",0.0540542633869509,-0.00423733856639269,"Model C","Spread.one",550
"1",0.0599984449738247,-0.00521642446626877,"Model C","Spread.one",350
"1",0.0893682145797232,-0.0104673098509295,"Model C","Spread.one",250
"1",0.0432546501507604,-0.00196514686751994,"Model C","SimpleRandom",950
"1",0.0460455812817655,-0.00333014666551961,"Model C","SimpleRandom",850
"1",0.0437520842315045,-0.00342152245692109,"Model C","SimpleRandom",750
"1",0.0521362908271075,-0.00504673052347369,"Model C","SimpleRandom",650
"1",0.0523916899817002,-0.00311664394373698,"Model C","SimpleRandom",550
"1",0.0820877097088408,-0.00732412287576918,"Model C","SimpleRandom",350
"1",0.0914562703901701,-0.0133031904450324,"Model C","SimpleRandom",250
"1",0.043211802119201,-0.00281804415516078,"Model C","Spread.one",950
"1",0.044703369561557,-0.00304046531763648,"Model C","Spread.one",850
"1",0.046437778262295,-0.00341895370456968,"Model C","Spread.one",750
"1",0.051659807961729,-0.00309795842723833,"Model C","Spread.one",650
"1",0.0540831561236225,-0.00416061503473457,"Model C","Spread.one",550
"1",0.0631211914218839,-0.00752216448757262,"Model C","Spread.one",350
"1",0.0744257039886739,-0.00908096676583463,"Model C","Spread.one",250
"1",0.0419610712623887,-0.00263604114750411,"Model C","SimpleRandom",950
"1",0.0433190202534883,-0.00282694558775949,"Model C","SimpleRandom",850
"1",0.0450045796631982,-0.003023121567541,"Model C","SimpleRandom",750
"1",0.053410525131492,-0.00288864726912866,"Model C","SimpleRandom",650
"1",0.0672336874943198,-0.00415118344206705,"Model C","SimpleRandom",550
"1",0.0934807871905127,-0.00544725951403334,"Model C","SimpleRandom",350
"1",0.0749165364903801,-0.00945150983945613,"Model C","SimpleRandom",250
"1",0.0420424182124552,-0.00296049879939317,"Model C","Spread.one",950
"1",0.0434077241201919,-0.00286399669728536,"Model C","Spread.one",850
"1",0.0462774860241017,-0.00291884135875359,"Model C","Spread.one",750
"1",0.0438812394648241,-0.00335347450809997,"Model C","Spread.one",650
"1",0.0521066999175814,-0.00412772276075871,"Model C","Spread.one",550
"1",0.0553841893504845,-0.00478974956157839,"Model C","Spread.one",350
"1",0.0746861226427866,-0.00959512160420567,"Model C","Spread.one",250
"1",0.0430381565762781,-0.00268221829783106,"Model C","SimpleRandom",950
"1",0.0423132302189546,-0.00330351021447756,"Model C","SimpleRandom",850
"1",0.0436022988969292,-0.00276183097252216,"Model C","SimpleRandom",750
"1",0.0484605217845093,-0.00311741258884544,"Model C","SimpleRandom",650
"1",0.0500353346274436,-0.00317777194258072,"Model C","SimpleRandom",550
"1",0.0630098617059402,-0.00680238112106408,"Model C","SimpleRandom",350
"1",0.0910334941831245,-0.0123057819465398,"Model C","SimpleRandom",250
"1",0.0431226435360117,-0.0026674267155395,"Model C","Spread.one",950
"1",0.0446548382285843,-0.00303894621979756,"Model C","Spread.one",850
"1",0.0451135421680255,-0.00383103182943632,"Model C","Spread.one",750
"1",0.0479955260121879,-0.0026004053822723,"Model C","Spread.one",650
"1",0.0611803587463902,-0.00436824818033388,"Model C","Spread.one",550
"1",0.0555660649420672,-0.00498808480206616,"Model C","Spread.one",350
"1",0.0831036348145551,-0.0059020157997883,"Model C","Spread.one",250
"1",0.0419103878943273,-0.00266124570836839,"Model C","SimpleRandom",950
"1",0.043446176880965,-0.00310074865472553,"Model C","SimpleRandom",850
"1",0.0479143306185177,-0.00428135000137918,"Model C","SimpleRandom",750
"1",0.0561527018637743,-0.00428992878374573,"Model C","SimpleRandom",650
"1",0.0525309887961829,-0.0061842072425479,"Model C","SimpleRandom",550
"1",0.0875036268712144,-0.00594048483565889,"Model C","SimpleRandom",350
"1",0.112138825784862,-0.00866330348765589,"Model C","SimpleRandom",250
"1",0.0430628914452937,-0.00266470733368989,"Model C","Spread.one",950
"1",0.0460390248688745,-0.00300348386011042,"Model C","Spread.one",850
"1",0.0422824583471748,-0.0027216451760066,"Model C","Spread.one",750
"1",0.0498518268992899,-0.00318607495183979,"Model C","Spread.one",650
"1",0.053881798531942,-0.00352123570646792,"Model C","Spread.one",550
"1",0.0697655453419163,-0.00816433088050315,"Model C","Spread.one",350
"1",0.0784216982032026,-0.00716890175749213,"Model C","Spread.one",250
"1",0.0431692648480133,-0.00228861099961973,"Model C","SimpleRandom",950
"1",0.0433698763935328,-0.00307499283080312,"Model C","SimpleRandom",850
"1",0.0464301465899054,-0.00314202625373372,"Model C","SimpleRandom",750
"1",0.0519050085430929,-0.00466967887770921,"Model C","SimpleRandom",650
"1",0.0502066355012837,-0.00317822991308785,"Model C","SimpleRandom",550
"1",0.0939215057267466,-0.00699614711241438,"Model C","SimpleRandom",350
"1",0.113985887333309,-0.0113114086751352,"Model C","SimpleRandom",250
"1",0.0431391801980747,-0.00268315250582911,"Model C","Spread.one",950
"1",0.046214541025281,-0.00237653538716557,"Model C","Spread.one",850
"1",0.0516051705920061,-0.00308212909245048,"Model C","Spread.one",750
"1",0.0515409120939158,-0.00346423967077793,"Model C","Spread.one",650
"1",0.0482650161664316,-0.00330718105797791,"Model C","Spread.one",550
"1",0.0657468985132977,-0.00745282387175632,"Model C","Spread.one",350
"1",0.0886873794407781,-0.00679803271247862,"Model C","Spread.one",250
"1",0.044445143496254,-0.00281966544249899,"Model C","SimpleRandom",950
"1",0.0433978965625948,-0.00253896803007216,"Model C","SimpleRandom",850
"1",0.0494891171246519,-0.00323001475248569,"Model C","SimpleRandom",750
"1",0.0480960155958812,-0.00273814041268345,"Model C","SimpleRandom",650
"1",0.0507721522609989,-0.00470050776001405,"Model C","SimpleRandom",550
"1",0.0601517310169392,-0.00535588910535957,"Model C","SimpleRandom",350
"1",0.0696263913298007,-0.0173753421273319,"Model C","SimpleRandom",250
"1",0.0419553368885979,-0.00232405297325854,"Model C","Spread.one",950
"1",0.0434844569476231,-0.00301489003916135,"Model C","Spread.one",850
"1",0.0449826556840776,-0.0028961021175613,"Model C","Spread.one",750
"1",0.0518736682206715,-0.0042772693961316,"Model C","Spread.one",650
"1",0.0539719351661105,-0.00483047814729151,"Model C","Spread.one",550
"1",0.0691317485586862,-0.00750203968871602,"Model C","Spread.one",350
"1",0.0783100545420789,-0.00748596608242848,"Model C","Spread.one",250
"1",0.0443728900912223,-0.00276018603347481,"Model C","SimpleRandom",950
"1",0.0463058866437594,-0.00316342352288993,"Model C","SimpleRandom",850
"1",0.0476232475706418,-0.00306300877285311,"Model C","SimpleRandom",750
"1",0.0501333869312016,-0.0029053477982642,"Model C","SimpleRandom",650
"1",0.0473305170085176,-0.0050925483751567,"Model C","SimpleRandom",550
"1",0.0834932709821051,-0.00748275544792722,"Model C","SimpleRandom",350
"1",0.100388475435319,-0.0241507145569972,"Model C","SimpleRandom",250
"1",0.043080204119269,-0.00263555312332268,"Model C","Spread.one",950
"1",0.0422559060651509,-0.00270384212164525,"Model C","Spread.one",850
"1",0.0477367696077786,-0.00363528414262938,"Model C","Spread.one",750
"1",0.0482903434246247,-0.00323813569712143,"Model C","Spread.one",650
"1",0.0583987321952679,-0.00374617501226459,"Model C","Spread.one",550
"1",0.0653696161723847,-0.00556402045511572,"Model C","Spread.one",350
"1",0.0700212986786694,-0.00716378724748302,"Model C","Spread.one",250
"1",0.0432005568655059,-0.00257178673137131,"Model C","SimpleRandom",950
"1",0.049287385713434,-0.00312768040758077,"Model C","SimpleRandom",850
"1",0.0515770697144504,-0.00390821768735665,"Model C","SimpleRandom",750
"1",0.0484663612925912,-0.00350293786391377,"Model C","SimpleRandom",650
"1",0.0566575091039138,-0.00533542714214419,"Model C","SimpleRandom",550
"1",0.0525461196874946,-0.00624418206536271,"Model C","SimpleRandom",350
"1",0.125808821674135,-0.0137306650692835,"Model C","SimpleRandom",250
"1",0.0418969655039115,-0.00269895029167664,"Model C","Spread.one",950
"1",0.0420396156669069,-0.00292616746202169,"Model C","Spread.one",850
"1",0.0451283793797891,-0.00343976540834687,"Model C","Spread.one",750
"1",0.0535907207723049,-0.0037145448353523,"Model C","Spread.one",650
"1",0.0454317785796482,-0.00327694599364223,"Model C","Spread.one",550
"1",0.0601662532008734,-0.0056391088623345,"Model C","Spread.one",350
"1",0.0731465668367656,-0.00438714539819853,"Model C","Spread.one",250
"1",0.0421064731605562,-0.00287424087803358,"Model C","SimpleRandom",950
"1",0.0446507292625674,-0.0025987572392928,"Model C","SimpleRandom",850
"1",0.0465895163878605,-0.00397453250127948,"Model C","SimpleRandom",750
"1",0.0502230907706704,-0.00382242578246266,"Model C","SimpleRandom",650
"1",0.0524250188133842,-0.0044258790226815,"Model C","SimpleRandom",550
"1",0.0685394183619216,-0.0139793584505286,"Model C","SimpleRandom",350
"1",0.0911691601547658,-0.0264821546676578,"Model C","SimpleRandom",250
"1",0.0430506597773505,-0.00273296481031177,"Model C","Spread.one",950
"1",0.0433254439405207,-0.00239515505085501,"Model C","Spread.one",850
"1",0.046266730581654,-0.00331100068839402,"Model C","Spread.one",750
"1",0.0481486388771589,-0.00414558214051041,"Model C","Spread.one",650
"1",0.0520535612225035,-0.00456977787872513,"Model C","Spread.one",550
"1",0.0580139220697638,-0.00761118196938616,"Model C","Spread.one",350
"1",0.0672056556308731,-0.00812718403208965,"Model C","Spread.one",250
"1",0.0419378904668153,-0.00245490257466972,"Model C","SimpleRandom",950
"1",0.0462235657658117,-0.00311635351203889,"Model C","SimpleRandom",850
"1",0.046206765906645,-0.00334677201848202,"Model C","SimpleRandom",750
"1",0.0518381446715971,-0.00379675690181875,"Model C","SimpleRandom",650
"1",0.0471623102541752,-0.00410329212711456,"Model C","SimpleRandom",550
"1",0.0757414024673518,-0.014452116469854,"Model C","SimpleRandom",350
"1",0.0761658431065876,-0.0103361095779361,"Model C","SimpleRandom",250
"1",0.0432107683236367,-0.00275203087089425,"Model C","Spread.one",950
"1",0.043380344735255,-0.00300513571306192,"Model C","Spread.one",850
"1",0.0438333737917619,-0.00327217454999977,"Model C","Spread.one",750
"1",0.0466608850311013,-0.0034704759448722,"Model C","Spread.one",650
"1",0.0541320984706746,-0.0044808103946936,"Model C","Spread.one",550
"1",0.0629796358558216,-0.00724651843631052,"Model C","Spread.one",350
"1",0.0892507231945207,-0.00999942321910518,"Model C","Spread.one",250
"1",0.0419391080846475,-0.00266660025617893,"Model C","SimpleRandom",950
"1",0.0447708180390165,-0.00284363674792909,"Model C","SimpleRandom",850
"1",0.0463263621627073,-0.00286093144097862,"Model C","SimpleRandom",750
"1",0.0455599067742719,-0.00371159170303953,"Model C","SimpleRandom",650
"1",0.0526272137933593,-0.00455225447583518,"Model C","SimpleRandom",550
"1",0.0817626866241035,-0.00680234192206742,"Model C","SimpleRandom",350
"1",0.0815593589297257,-0.0135894544382104,"Model C","SimpleRandom",250
"1",0.0419715506379618,-0.002650431655361,"Model C","Spread.one",950
"1",0.0445541292939906,-0.00254343612497078,"Model C","Spread.one",850
"1",0.0477763678735923,-0.0032170061396573,"Model C","Spread.one",750
"1",0.0438792269869405,-0.0036457369403812,"Model C","Spread.one",650
"1",0.0520533464918122,-0.00389737763858135,"Model C","Spread.one",550
"1",0.0624037289908679,-0.00459734290296061,"Model C","Spread.one",350
"1",0.0781681907756484,-0.00693366002662268,"Model C","Spread.one",250
"1",0.0420292256803771,-0.00278223768666174,"Model C","SimpleRandom",950
"1",0.0493316585552989,-0.00262662592484197,"Model C","SimpleRandom",850
"1",0.0423694227581015,-0.00316136176199029,"Model C","SimpleRandom",750
"1",0.048323217397794,-0.00342515256023628,"Model C","SimpleRandom",650
"1",0.0506800334039072,-0.00454560731985526,"Model C","SimpleRandom",550
"1",0.0738355526095523,-0.00736610800359453,"Model C","SimpleRandom",350
"1",0.0901804125449807,-0.0103797676301511,"Model C","SimpleRandom",250
"1",0.0419438546915716,-0.00264867469768718,"Model C","Spread.one",950
"1",0.0434012577731364,-0.00290142694858206,"Model C","Spread.one",850
"1",0.0480352174654857,-0.00333546009564946,"Model C","Spread.one",750
"1",0.0483139962322152,-0.00347224814975488,"Model C","Spread.one",650
"1",0.0470520105674075,-0.00394388068576159,"Model C","Spread.one",550
"1",0.0211968052542507,-0.0178721982840529,"Model E","SimpleRandom",950
"1",0.0217399433122695,-0.0182329233804777,"Model E","SimpleRandom",850
"1",0.0250039332259562,-0.0211353827803677,"Model E","SimpleRandom",750
"1",0.0247573679400819,-0.0207957094370974,"Model E","SimpleRandom",650
"1",0.0295982862410925,-0.0252157227531787,"Model E","SimpleRandom",550
"1",0.0371303053754202,-0.0305888589479495,"Model E","SimpleRandom",350
"1",0.0390289044459927,-0.0315513012869031,"Model E","SimpleRandom",250
"1",0.0220856008791451,-0.018658633689303,"Model E","Spread.one",950
"1",0.0227624995651294,-0.0192149774174864,"Model E","Spread.one",850
"1",0.0225673890376923,-0.0188637329754905,"Model E","Spread.one",750
"1",0.026124065750963,-0.0221504525454775,"Model E","Spread.one",650
"1",0.0249611257253635,-0.0207928275787937,"Model E","Spread.one",550
"1",0.0313294338584299,-0.0261396335731675,"Model E","Spread.one",350
"1",0.0416670533064045,-0.0351272075146174,"Model E","Spread.one",250
"1",0.0216059604406333,-0.0182002676196008,"Model E","SimpleRandom",950
"1",0.0220428575515371,-0.0185310085704214,"Model E","SimpleRandom",850
"1",0.0232534004677328,-0.0194765564737262,"Model E","SimpleRandom",750
"1",0.0257213689054914,-0.0217502977297585,"Model E","SimpleRandom",650
"1",0.025215321118855,-0.0205066352720794,"Model E","SimpleRandom",550
"1",0.0361722518804959,-0.0300075584439472,"Model E","SimpleRandom",350
"1",0.0412220426202658,-0.0334704496044113,"Model E","SimpleRandom",250
"1",0.0219193949443307,-0.0185757641501507,"Model E","Spread.one",950
"1",0.0217515246338183,-0.0182713069274437,"Model E","Spread.one",850
"1",0.0215758379920485,-0.0180036557588918,"Model E","Spread.one",750
"1",0.0244652810237475,-0.0204850354675681,"Model E","Spread.one",650
"1",0.0258344011594913,-0.0216473338736377,"Model E","Spread.one",550
"1",0.0338801652325814,-0.0283998759937819,"Model E","Spread.one",350
"1",0.0402428926273246,-0.0338718157752445,"Model E","Spread.one",250
"1",0.0215117732402441,-0.0181119165920391,"Model E","SimpleRandom",950
"1",0.0221085802453781,-0.0185739675736375,"Model E","SimpleRandom",850
"1",0.0224407264613052,-0.0187780745799304,"Model E","SimpleRandom",750
"1",0.0255258131034678,-0.0213745972619972,"Model E","SimpleRandom",650
"1",0.0298781588156828,-0.0252727519876152,"Model E","SimpleRandom",550
"1",0.0349163554013315,-0.0291102048774345,"Model E","SimpleRandom",350
"1",0.0391618674499176,-0.0305867603333827,"Model E","SimpleRandom",250
"1",0.0210740569168063,-0.0177045094635118,"Model E","Spread.one",950
"1",0.02142884620856,-0.0179426644890278,"Model E","Spread.one",850
"1",0.0228077509561385,-0.0191229697835087,"Model E","Spread.one",750
"1",0.0238586857883785,-0.0200205646792992,"Model E","Spread.one",650
"1",0.0262884842508951,-0.0220998817753434,"Model E","Spread.one",550
"1",0.0309779593670593,-0.0256045479075978,"Model E","Spread.one",350
"1",0.0410821454094463,-0.0346452081836582,"Model E","Spread.one",250
"1",0.0216487021544772,-0.0182088505098059,"Model E","SimpleRandom",950
"1",0.0222474800523045,-0.0186666228209434,"Model E","SimpleRandom",850
"1",0.0244054780995644,-0.0204435782242196,"Model E","SimpleRandom",750
"1",0.0263801658281754,-0.0223064221695585,"Model E","SimpleRandom",650
"1",0.0272617061807712,-0.0228233253495478,"Model E","SimpleRandom",550
"1",0.0321969609126238,-0.0260230520814726,"Model E","SimpleRandom",350
"1",0.0396634097628939,-0.0304014888503739,"Model E","SimpleRandom",250
"1",0.0216933208655553,-0.0183327370814119,"Model E","Spread.one",950
"1",0.0213371813717675,-0.0178417584603811,"Model E","Spread.one",850
"1",0.0236632781987192,-0.0200060407418149,"Model E","Spread.one",750
"1",0.0245507158177262,-0.0205833410916297,"Model E","Spread.one",650
"1",0.0295427977159679,-0.0254704913872383,"Model E","Spread.one",550
"1",0.0294837266873085,-0.0241972134312584,"Model E","Spread.one",350
"1",0.0360650387503462,-0.0298436939227893,"Model E","Spread.one",250
"1",0.0220466938096349,-0.0186492694642777,"Model E","SimpleRandom",950
"1",0.0220711942529145,-0.0185139190004228,"Model E","SimpleRandom",850
"1",0.0222717325569844,-0.0185838561374261,"Model E","SimpleRandom",750
"1",0.0244889401028771,-0.02050846778234,"Model E","SimpleRandom",650
"1",0.0253602986486442,-0.0208586754117073,"Model E","SimpleRandom",550
"1",0.0352690360463605,-0.0294734118939499,"Model E","SimpleRandom",350
"1",0.0479864839424044,-0.0401073202575323,"Model E","SimpleRandom",250
"1",0.0213162008835613,-0.0179812242614771,"Model E","Spread.one",950
"1",0.0231143075889985,-0.0195608134366785,"Model E","Spread.one",850
"1",0.0241446204622241,-0.0204165941428398,"Model E","Spread.one",750
"1",0.0257746586152285,-0.021794174129477,"Model E","Spread.one",650
"1",0.0260372588492024,-0.0217973474017647,"Model E","Spread.one",550
"1",0.0264503918608359,-0.0214383338962587,"Model E","Spread.one",350
"1",0.0466620074312355,-0.0404612571668142,"Model E","Spread.one",250
"1",0.0213881717288414,-0.0180028876253988,"Model E","SimpleRandom",950
"1",0.0215191085731693,-0.0180187445141087,"Model E","SimpleRandom",850
"1",0.023104002600126,-0.0192475774753721,"Model E","SimpleRandom",750
"1",0.0243859639828716,-0.0203929746132484,"Model E","SimpleRandom",650
"1",0.0256799774450504,-0.0211675667382494,"Model E","SimpleRandom",550
"1",0.0351215805059005,-0.0292426018181927,"Model E","SimpleRandom",350
"1",0.0341943436712277,-0.0268850163671107,"Model E","SimpleRandom",250
"1",0.0214462225238198,-0.0181196146690484,"Model E","Spread.one",950
"1",0.0224587537993183,-0.0188314095522797,"Model E","Spread.one",850
"1",0.0231727927530342,-0.0196145833125837,"Model E","Spread.one",750
"1",0.0247698317096561,-0.0208249760963085,"Model E","Spread.one",650
"1",0.0263731883745721,-0.0221639694721141,"Model E","Spread.one",550
"1",0.0324421277595655,-0.0273660503458491,"Model E","Spread.one",350
"1",0.0368599058267142,-0.0303760545088652,"Model E","Spread.one",250
"1",0.020928574276416,-0.0176136072609352,"Model E","SimpleRandom",950
"1",0.0229218136040334,-0.0193374545050181,"Model E","SimpleRandom",850
"1",0.0228680002834599,-0.0190223000339194,"Model E","SimpleRandom",750
"1",0.0242749465981747,-0.020108139817703,"Model E","SimpleRandom",650
"1",0.0269026498235087,-0.0222631393386275,"Model E","SimpleRandom",550
"1",0.0338090675316876,-0.0280336526119955,"Model E","SimpleRandom",350
"1",0.0413412336018313,-0.0331787476696714,"Model E","SimpleRandom",250
"1",0.0215738051092513,-0.0182124626552932,"Model E","Spread.one",950
"1",0.0226451248244279,-0.0190907132961538,"Model E","Spread.one",850
"1",0.0234904188632152,-0.0197886828507674,"Model E","Spread.one",750
"1",0.0246185597623628,-0.0207860554196636,"Model E","Spread.one",650
"1",0.0264057717472219,-0.0221602176383854,"Model E","Spread.one",550
"1",0.0285357785552745,-0.0230474248738367,"Model E","Spread.one",350
"1",0.0393028997288394,-0.0327419604715971,"Model E","Spread.one",250
"1",0.0211354727743713,-0.0177528658034411,"Model E","SimpleRandom",950
"1",0.0221017000700801,-0.0185028900347915,"Model E","SimpleRandom",850
"1",0.0223030793470133,-0.0186366288883665,"Model E","SimpleRandom",750
"1",0.0259560139023721,-0.0219934614526705,"Model E","SimpleRandom",650
"1",0.0278001327897723,-0.0230652081831599,"Model E","SimpleRandom",550
"1",0.0315655858198398,-0.0256532537513841,"Model E","SimpleRandom",350
"1",0.0482820654786825,-0.0401120596428828,"Model E","SimpleRandom",250
"1",0.0213250034832368,-0.0179548919943714,"Model E","Spread.one",950
"1",0.0224743939508121,-0.0189451963080482,"Model E","Spread.one",850
"1",0.0223369173303874,-0.0186343770085794,"Model E","Spread.one",750
"1",0.0234106619499441,-0.0195962205884126,"Model E","Spread.one",650
"1",0.0255186725011408,-0.0213715964118698,"Model E","Spread.one",550
"1",0.0306556126807026,-0.0256424127797952,"Model E","Spread.one",350
"1",0.0419657536421535,-0.0357375216587741,"Model E","Spread.one",250
"1",0.0208430926022013,-0.0175487055091823,"Model E","SimpleRandom",950
"1",0.022585043588966,-0.0190629690579835,"Model E","SimpleRandom",850
"1",0.0240968538502568,-0.0202353353997757,"Model E","SimpleRandom",750
"1",0.0244049614190163,-0.0202498244901294,"Model E","SimpleRandom",650
"1",0.0276985641261749,-0.0228849197319306,"Model E","SimpleRandom",550
"1",0.0337578887587953,-0.0276639124587724,"Model E","SimpleRandom",350
"1",0.0362640786955892,-0.0283569156821259,"Model E","SimpleRandom",250
"1",0.0215138602909771,-0.0181619711023572,"Model E","Spread.one",950
"1",0.0221593777121148,-0.018693013078645,"Model E","Spread.one",850
"1",0.0218924349107609,-0.0182495704157609,"Model E","Spread.one",750
"1",0.0253315777460799,-0.0215901136036443,"Model E","Spread.one",650
"1",0.024699272621803,-0.0206773446324874,"Model E","Spread.one",550
"1",0.030030170200532,-0.0244911218150458,"Model E","Spread.one",350
"1",0.0455382568307991,-0.0394834484137693,"Model E","Spread.one",250
"1",0.0222402149707807,-0.0188840985177837,"Model E","SimpleRandom",950
"1",0.0226441514328026,-0.0191740709833047,"Model E","SimpleRandom",850
"1",0.0239522844540536,-0.0202726235953669,"Model E","SimpleRandom",750
"1",0.0242249596525764,-0.0200877444939484,"Model E","SimpleRandom",650
"1",0.027580544509664,-0.023270040057422,"Model E","SimpleRandom",550
"1",0.0323311856659107,-0.0261830127685659,"Model E","SimpleRandom",350
"1",0.0352236537921863,-0.0270091600378862,"Model E","SimpleRandom",250
"1",0.0210107569195127,-0.0176818395309257,"Model E","Spread.one",950
"1",0.0230085199451472,-0.0195464369015493,"Model E","Spread.one",850
"1",0.022743756597249,-0.0190364123779636,"Model E","Spread.one",750
"1",0.0250841212468696,-0.0211395065236814,"Model E","Spread.one",650
"1",0.0225363492540958,-0.0185203151301574,"Model E","Spread.one",550
"1",0.0343888034903439,-0.029161026093089,"Model E","Spread.one",350
"1",0.0366452966465111,-0.0304253933243353,"Model E","Spread.one",250
"1",0.0214769446193014,-0.0180706946658758,"Model E","SimpleRandom",950
"1",0.0231854845352243,-0.0195226893880408,"Model E","SimpleRandom",850
"1",0.0247063353093707,-0.0208579634586744,"Model E","SimpleRandom",750
"1",0.0244800710350332,-0.0205519838160964,"Model E","SimpleRandom",650
"1",0.0263657046715582,-0.0217623452698623,"Model E","SimpleRandom",550
"1",0.0341759781703773,-0.0280964873397913,"Model E","SimpleRandom",350
"1",0.0459332335759615,-0.0383999751380222,"Model E","SimpleRandom",250
"1",0.021574167760515,-0.0181502888861752,"Model E","Spread.one",950
"1",0.0223437024525261,-0.0189357397049062,"Model E","Spread.one",850
"1",0.0233639818499068,-0.0197664299347662,"Model E","Spread.one",750
"1",0.02435295419589,-0.0205790068308071,"Model E","Spread.one",650
"1",0.0252400189602631,-0.0210660587038515,"Model E","Spread.one",550
"1",0.028335107306236,-0.0233684046355304,"Model E","Spread.one",350
"1",0.0433290883050229,-0.0366119477549677,"Model E","Spread.one",250
"1",0.0218471845907881,-0.0184268379951865,"Model E","SimpleRandom",950
"1",0.0219199230167139,-0.0183830229220698,"Model E","SimpleRandom",850
"1",0.0229723871340519,-0.0192313323694045,"Model E","SimpleRandom",750
"1",0.0243114556015341,-0.0202397743209359,"Model E","SimpleRandom",650
"1",0.0283947387603533,-0.024044733772224,"Model E","SimpleRandom",550
"1",0.0252162285738057,-0.0190568878489709,"Model E","SimpleRandom",350
"1",0.0403921864076038,-0.0325891109667649,"Model E","SimpleRandom",250
"1",0.0212373421634033,-0.0178790558240928,"Model E","Spread.one",950
"1",0.0222309373710814,-0.0187425597589767,"Model E","Spread.one",850
"1",0.022421425631497,-0.0188578040896168,"Model E","Spread.one",750
"1",0.0237760328873854,-0.0198803947847797,"Model E","Spread.one",650
"1",0.0237027244711804,-0.0195573840958178,"Model E","Spread.one",550
"1",0.0289727405093929,-0.0234078138274008,"Model E","Spread.one",350
"1",0.0331395380413678,-0.0269061518769955,"Model E","Spread.one",250
"1",0.0214470846784341,-0.0180425442240992,"Model E","SimpleRandom",950
"1",0.0226859174576593,-0.0191081026003691,"Model E","SimpleRandom",850
"1",0.0230065088363691,-0.0192692520586583,"Model E","SimpleRandom",750
"1",0.0252902354509992,-0.0212002093036455,"Model E","SimpleRandom",650
"1",0.0283916706902388,-0.0239773382480754,"Model E","SimpleRandom",550
"1",0.0383421092127791,-0.0326546498430144,"Model E","SimpleRandom",350
"1",0.051860817681702,-0.0412966938840067,"Model E","SimpleRandom",250
"1",0.0215200852483242,-0.0181455280360675,"Model E","Spread.one",950
"1",0.0225636053407269,-0.0189533775514829,"Model E","Spread.one",850
"1",0.0235021381351508,-0.0198411991468557,"Model E","Spread.one",750
"1",0.0240643666405329,-0.0202848794684422,"Model E","Spread.one",650
"1",0.0276567125482195,-0.0235639506962033,"Model E","Spread.one",550
"1",0.0316422950476422,-0.0262069968660646,"Model E","Spread.one",350
"1",0.0416635594439923,-0.0355277205213372,"Model E","Spread.one",250
"1",0.021092378423064,-0.0177004073186714,"Model E","SimpleRandom",950
"1",0.0227750522001779,-0.0191900408434207,"Model E","SimpleRandom",850
"1",0.0229670186791872,-0.019036863061271,"Model E","SimpleRandom",750
"1",0.0241634157737889,-0.0201242789004167,"Model E","SimpleRandom",650
"1",0.027346144092674,-0.0229484504000345,"Model E","SimpleRandom",550
"1",0.0333515330789452,-0.0261860262242533,"Model E","SimpleRandom",350
"1",0.0427919721834641,-0.0325687954331785,"Model E","SimpleRandom",250
"1",0.021147449672071,-0.0177550201839827,"Model E","Spread.one",950
"1",0.022161990266073,-0.0186414174322954,"Model E","Spread.one",850
"1",0.0239130921235725,-0.0201321306736125,"Model E","Spread.one",750
"1",0.0232678594336863,-0.0194170331855231,"Model E","Spread.one",650
"1",0.0266528362375384,-0.0226467383809417,"Model E","Spread.one",550
"1",0.0314300320376114,-0.025965052430492,"Model E","Spread.one",350
"1",0.0411318977043803,-0.0347537454331883,"Model E","Spread.one",250
"1",0.0212817655332175,-0.0178362475496659,"Model E","SimpleRandom",950
"1",0.0213310159290668,-0.0178300036531156,"Model E","SimpleRandom",850
"1",0.0228437301649345,-0.0190029678237847,"Model E","SimpleRandom",750
"1",0.0247653680949165,-0.0205231210796702,"Model E","SimpleRandom",650
"1",0.0271157654567504,-0.0227897462197307,"Model E","SimpleRandom",550
"1",0.0378343785449026,-0.0313298222230854,"Model E","SimpleRandom",350
"1",0.040699700614651,-0.0326963982721438,"Model E","SimpleRandom",250
"1",0.0218020293511452,-0.0184105093946189,"Model E","Spread.one",950
"1",0.0220434840561479,-0.0185620365138228,"Model E","Spread.one",850
"1",0.0232246649779426,-0.0193370567102239,"Model E","Spread.one",750
"1",0.0228570769882231,-0.0189406329318276,"Model E","Spread.one",650
"1",0.0256851469685193,-0.0215133489690824,"Model E","Spread.one",550
"1",0.0313261441211275,-0.0259173884236316,"Model E","Spread.one",350
"1",0.0433044676847452,-0.0365694092074157,"Model E","Spread.one",250
"1",0.0205738209592565,-0.0171391804022569,"Model E","SimpleRandom",950
"1",0.0228809120006649,-0.0193377761837021,"Model E","SimpleRandom",850
"1",0.0235063748711586,-0.0199064518020203,"Model E","SimpleRandom",750
"1",0.0278583883105669,-0.0237248053463239,"Model E","SimpleRandom",650
"1",0.0241204660069804,-0.0197300254341708,"Model E","SimpleRandom",550
"1",0.0328482430488179,-0.0270400527804284,"Model E","SimpleRandom",350
"1",0.0434686023842602,-0.0361179634301648,"Model E","SimpleRandom",250
"1",0.0217460429880398,-0.0183926626878138,"Model E","Spread.one",950
"1",0.0225097619128129,-0.0190078402824413,"Model E","Spread.one",850
"1",0.0234128610306515,-0.0196477034471324,"Model E","Spread.one",750
"1",0.0252257577699262,-0.0212442147592247,"Model E","Spread.one",650
"1",0.026249016211885,-0.0219140167652713,"Model E","Spread.one",550
"1",0.0319796039819027,-0.026569261527153,"Model E","Spread.one",350
"1",0.0398441339139018,-0.0335440122540154,"Model E","Spread.one",250
"1",0.0212741645194959,-0.0179126380391832,"Model E","SimpleRandom",950
"1",0.0214428341022442,-0.0179129658271884,"Model E","SimpleRandom",850
"1",0.0229001370585901,-0.019224565090062,"Model E","SimpleRandom",750
"1",0.0217271997464606,-0.0177316584486367,"Model E","SimpleRandom",650
"1",0.0277167772497124,-0.0231316707571851,"Model E","SimpleRandom",550
"1",0.0291360808416969,-0.0229513089239851,"Model E","SimpleRandom",350
"1",0.0407656535825412,-0.0330816864621481,"Model E","SimpleRandom",250
"1",0.0220175668895672,-0.0186393611635788,"Model E","Spread.one",950
"1",0.0218870540857631,-0.0183656314120668,"Model E","Spread.one",850
"1",0.0226424731409901,-0.0189809847448886,"Model E","Spread.one",750
"1",0.0232785555988561,-0.0194900611897297,"Model E","Spread.one",650
"1",0.026233417848462,-0.0219544326391923,"Model E","Spread.one",550
"1",0.0281335968773247,-0.0230199290909583,"Model E","Spread.one",350
"1",0.0399816841935409,-0.033430488159345,"Model E","Spread.one",250
"1",0.0212243045276449,-0.0178965191936667,"Model E","SimpleRandom",950
"1",0.0230933389786806,-0.0195510573133497,"Model E","SimpleRandom",850
"1",0.0223174599849881,-0.0186235560651815,"Model E","SimpleRandom",750
"1",0.0237458487508752,-0.019640755800587,"Model E","SimpleRandom",650
"1",0.0235568147031032,-0.0192667482407011,"Model E","SimpleRandom",550
"1",0.0321633005438155,-0.026468933204705,"Model E","SimpleRandom",350
"1",0.0451312755582226,-0.0364030752695925,"Model E","SimpleRandom",250
"1",0.0214860812217782,-0.0181136926746479,"Model E","Spread.one",950
"1",0.0224307499336204,-0.0189244420646941,"Model E","Spread.one",850
"1",0.0245550665566792,-0.0207910052595005,"Model E","Spread.one",750
"1",0.0243127149893586,-0.0204109389451994,"Model E","Spread.one",650
"1",0.0253292069217306,-0.0210300130223405,"Model E","Spread.one",550
"1",0.0312152019249948,-0.0258400652696253,"Model E","Spread.one",350
"1",0.0343761997801103,-0.0281390904749503,"Model E","Spread.one",250
"1",0.0212739976310771,-0.0178992357238087,"Model E","SimpleRandom",950
"1",0.0227521946113964,-0.0192623621688098,"Model E","SimpleRandom",850
"1",0.0250233235378695,-0.0213571961536458,"Model E","SimpleRandom",750
"1",0.02643257606781,-0.0221921236083866,"Model E","SimpleRandom",650
"1",0.0280506316413581,-0.0235446718080502,"Model E","SimpleRandom",550
"1",0.0329032520642719,-0.0265455672108801,"Model E","SimpleRandom",350
"1",0.0353321153699393,-0.0272800032551586,"Model E","SimpleRandom",250
"1",0.0214538469218217,-0.018121616152962,"Model E","Spread.one",950
"1",0.0220171025705507,-0.0185648058709576,"Model E","Spread.one",850
"1",0.0221574922911159,-0.018439118162702,"Model E","Spread.one",750
"1",0.0242473883898615,-0.0203431946027128,"Model E","Spread.one",650
"1",0.0256564930628993,-0.0214289686334221,"Model E","Spread.one",550
"1",0.0340185682195512,-0.0283902971459277,"Model E","Spread.one",350
"1",0.0339051424635423,-0.0277557370045503,"Model E","Spread.one",250
"1",0.0209822822330619,-0.0175992782973364,"Model E","SimpleRandom",950
"1",0.0222977816438052,-0.0187546275203835,"Model E","SimpleRandom",850
"1",0.022713033362847,-0.0190045669244644,"Model E","SimpleRandom",750
"1",0.0256003208661919,-0.021429809842412,"Model E","SimpleRandom",650
"1",0.0253797014226033,-0.0209709989131528,"Model E","SimpleRandom",550
"1",0.0316503490932903,-0.0254039031717123,"Model E","SimpleRandom",350
"1",0.0438654321684403,-0.0352569409395567,"Model E","SimpleRandom",250
"1",0.0214924597173279,-0.0181244037161146,"Model E","Spread.one",950
"1",0.0222363210258837,-0.0186572694487236,"Model E","Spread.one",850
"1",0.024300395006522,-0.0205006747949557,"Model E","Spread.one",750
"1",0.0238819620236835,-0.0199785896266966,"Model E","Spread.one",650
"1",0.0253577140624248,-0.0212659098815352,"Model E","Spread.one",550
"1",0.0351006630250413,-0.0299033569289817,"Model E","Spread.one",350
"1",0.0379827581111713,-0.0315209401901423,"Model E","Spread.one",250
"1",0.0222325088629383,-0.0188784563497047,"Model E","SimpleRandom",950
"1",0.0212795561896895,-0.0176845178783316,"Model E","SimpleRandom",850
"1",0.0234136193035817,-0.0196513501231597,"Model E","SimpleRandom",750
"1",0.0232129003665748,-0.019167535000568,"Model E","SimpleRandom",650
"1",0.027771633151791,-0.0230286885302696,"Model E","SimpleRandom",550
"1",0.0317221503688492,-0.0260977514284029,"Model E","SimpleRandom",350
"1",0.0402050496771319,-0.0331878828732585,"Model E","SimpleRandom",250
"1",0.0210521436639433,-0.0176801593258332,"Model E","Spread.one",950
"1",0.0225827294969431,-0.0190460030605372,"Model E","Spread.one",850
"1",0.0223074546326203,-0.0185818874804737,"Model E","Spread.one",750
"1",0.0265931028230455,-0.0226635926711974,"Model E","Spread.one",650
"1",0.0258630559094137,-0.0217626662683531,"Model E","Spread.one",550
"1",0.0330208554476497,-0.0275657441745252,"Model E","Spread.one",350
"1",0.0373666605007635,-0.0309513649022885,"Model E","Spread.one",250
"1",0.0217387068781675,-0.018377130927517,"Model E","SimpleRandom",950
"1",0.022859477106696,-0.0192656838941978,"Model E","SimpleRandom",850
"1",0.0222193833399817,-0.0185779452839804,"Model E","SimpleRandom",750
"1",0.0239469518785688,-0.0198037335310817,"Model E","SimpleRandom",650
"1",0.0252394950777801,-0.0208106134970221,"Model E","SimpleRandom",550
"1",0.0377143028075035,-0.0312573777887746,"Model E","SimpleRandom",350
"1",0.0574851979988543,-0.0428655581601725,"Model E","SimpleRandom",250
"1",0.0211335063970431,-0.0177850567545201,"Model E","Spread.one",950
"1",0.0217438378902831,-0.0182078337506987,"Model E","Spread.one",850
"1",0.0243169993662443,-0.0206471864631731,"Model E","Spread.one",750
"1",0.0241412666910275,-0.0202258111769136,"Model E","Spread.one",650
"1",0.0258429239184612,-0.0215639830408635,"Model E","Spread.one",550
"1",0.0314179726133824,-0.0261843777716251,"Model E","Spread.one",350
"1",0.0355238042739643,-0.0292780795937959,"Model E","Spread.one",250
"1",0.0211233870827883,-0.0177643427771749,"Model E","SimpleRandom",950
"1",0.0229668143800094,-0.0192873928372059,"Model E","SimpleRandom",850
"1",0.0247976363253951,-0.0210622901191679,"Model E","SimpleRandom",750
"1",0.0240690551685637,-0.0200924102944037,"Model E","SimpleRandom",650
"1",0.0292325554869881,-0.0246204647909011,"Model E","SimpleRandom",550
"1",0.030363001136175,-0.0244011292358799,"Model E","SimpleRandom",350
"1",0.0440000137466007,-0.0358463415478159,"Model E","SimpleRandom",250
"1",0.0212419751335956,-0.0178865609677339,"Model E","Spread.one",950
"1",0.0218531202519586,-0.01842267812683,"Model E","Spread.one",850
"1",0.0236084344601995,-0.0199106457401409,"Model E","Spread.one",750
"1",0.0250891438985149,-0.0211339018631926,"Model E","Spread.one",650
"1",0.0245644922545411,-0.0204878356684171,"Model E","Spread.one",550
"1",0.0326782549253105,-0.0271934281765266,"Model E","Spread.one",350
"1",0.0338336166155937,-0.0276749481213249,"Model E","Spread.one",250
"1",0.0215225796673677,-0.0181120696529707,"Model E","SimpleRandom",950
"1",0.0214679239261454,-0.0179611233682741,"Model E","SimpleRandom",850
"1",0.0246288650450806,-0.0208476732000891,"Model E","SimpleRandom",750
"1",0.0240133180847934,-0.0198699469249673,"Model E","SimpleRandom",650
"1",0.0266289885264298,-0.0221593538992083,"Model E","SimpleRandom",550
"1",0.0453012247217218,-0.038780076299676,"Model E","SimpleRandom",350
"1",0.0575621997410834,-0.0489964049646628,"Model E","SimpleRandom",250
"1",0.0214570572481694,-0.0181205503910223,"Model E","Spread.one",950
"1",0.0217214897494924,-0.0182652351746677,"Model E","Spread.one",850
"1",0.0235540905447087,-0.0198500141628309,"Model E","Spread.one",750
"1",0.0254550714151445,-0.0216379102862339,"Model E","Spread.one",650
"1",0.0250743677958907,-0.0208564814273033,"Model E","Spread.one",550
"1",0.0337707605210285,-0.0287115719358869,"Model E","Spread.one",350
"1",0.0376290333705897,-0.031133904081752,"Model E","Spread.one",250
"1",0.0212226391487171,-0.0178227223800111,"Model E","SimpleRandom",950
"1",0.0232851422064285,-0.0196960186426636,"Model E","SimpleRandom",850
"1",0.0230470819275914,-0.0192784520685669,"Model E","SimpleRandom",750
"1",0.0256297801938542,-0.0213971485530476,"Model E","SimpleRandom",650
"1",0.0247855404559657,-0.0204943963245101,"Model E","SimpleRandom",550
"1",0.0426283887170805,-0.0363201038096898,"Model E","SimpleRandom",350
"1",0.0393078327884804,-0.0313212841864316,"Model E","SimpleRandom",250
"1",0.0215918035697576,-0.0182037866375391,"Model E","Spread.one",950
"1",0.0219751780399257,-0.0184342189365896,"Model E","Spread.one",850
"1",0.0227476934563187,-0.0189463636099936,"Model E","Spread.one",750
"1",0.0248408016032618,-0.020991868590029,"Model E","Spread.one",650
"1",0.0264853715437546,-0.0222358878878715,"Model E","Spread.one",550
"1",0.034202110829121,-0.0286686603704629,"Model E","Spread.one",350
"1",0.0385353302293137,-0.0321325910976642,"Model E","Spread.one",250
"1",0.0214605654332848,-0.0180994119735343,"Model E","SimpleRandom",950
"1",0.0225374506792884,-0.018987071191477,"Model E","SimpleRandom",850
"1",0.0227779672314739,-0.0188867766415874,"Model E","SimpleRandom",750
"1",0.0248889512165697,-0.0207626203906331,"Model E","SimpleRandom",650
"1",0.0274753628164748,-0.0229854767642664,"Model E","SimpleRandom",550
"1",0.0318252375954993,-0.0255647786895351,"Model E","SimpleRandom",350
"1",0.0440839362243811,-0.0360351550111888,"Model E","SimpleRandom",250
"1",0.0212950087388113,-0.0179322372081099,"Model E","Spread.one",950
"1",0.0218091352132866,-0.0183489098670842,"Model E","Spread.one",850
"1",0.0232133736893029,-0.0195558205173616,"Model E","Spread.one",750
"1",0.0247565633947795,-0.0208481471175203,"Model E","Spread.one",650
"1",0.0253010713790434,-0.0211505616291078,"Model E","Spread.one",550
"1",0.0298897383036342,-0.0246969864104109,"Model E","Spread.one",350
"1",0.0394401415864707,-0.0329965556569556,"Model E","Spread.one",250
"1",0.0213487365681352,-0.0179504816766102,"Model E","SimpleRandom",950
"1",0.022359671981488,-0.0187723861280758,"Model E","SimpleRandom",850
"1",0.0225226648865615,-0.0188464388848824,"Model E","SimpleRandom",750
"1",0.0244693604263763,-0.0204569866131756,"Model E","SimpleRandom",650
"1",0.0259172914492673,-0.0214597930309174,"Model E","SimpleRandom",550
"1",0.0349526261597564,-0.0287944530777778,"Model E","SimpleRandom",350
"1",0.0381015374604841,-0.0301489232977263,"Model E","SimpleRandom",250
"1",0.0210664117646869,-0.0177104329531131,"Model E","Spread.one",950
"1",0.0221296671863593,-0.0186061356076302,"Model E","Spread.one",850
"1",0.02473701682864,-0.020995167609681,"Model E","Spread.one",750
"1",0.0230395595943142,-0.0191526014235813,"Model E","Spread.one",650
"1",0.0259278397472797,-0.0216729403233491,"Model E","Spread.one",550
