Individual,Sex,no_Samples,Loci,CXX20,G1D,G10M,MSUT2,MU50,G10X,G10P,REN144 A06,G1A,G10C,D1A,G10J,G10L,CPH9,CXX110,D123,MU26,G10U,MU59,REN145 P07,G10B,MU23,G10H,Sex
56,F,65,24,123.137,176.186,214.218,205.207,134.136,133.147,163.163,129.129,194.194,209.215,157.179,207.211,137.159,143.149,155.159,141.145,183.185,179.181,233.237,157.157,156.158,203.207,239.241,F
1435,F,1,24,123.123,172.186,208.214,205.209,132.136,147.149,163.163,125.129,194.196,215.215,167.179,187.211,137.141,143.149,155.159,143.145,185.199,175.179,233.243,157.167,156.158,187.203,241.253,F
2213,F,117,24,135.139,174.184,206.216,197.205,120.132,141.145,153.157,121.121,198.198,205.213,157.163,187.203,137.137,143.149,137.159,145.155,185.195,179.181,231.241,157.159,156.16,189.203,241.253,F
3002,F,26,24,135.145,174.186,206.206,197.205,120.14,141.151,153.155,119.121,196.198,205.213,163.165,203.205,137.149,143.149,137.153,155.155,185.185,177.181,231.237,157.157,158.16,189.199,241.253,F
3101,M,1,24,123.123,172.182,208.214,197.205,120.132,141.147,151.163,119.129,194.194,215.215,175.179,187.191,137.153,149.151,157.159,141.145,185.185,175.179,233.239,159.167,156.164,187.205,241.241,M
3103,F,1,24,123.123,172.18,208.214,197.209,120.132,141.149,157.163,119.125,194.198,213.215,167.179,187.187,141.153,143.149,157.159,141.145,185.185,173.179,239.243,159.167,156.156,203.203,241.253,F
10-86-01,M,56,24,123.135,176.176,208.214,197.207,130.138,141.151,157.161,117.119,194.198,205.211,165.165,191.205,135.159,149.151,149.155,141.141,183.195,173.181,229.235,172.172,160.164,201.207,241.253,M
120-4-2,M,3,24,123.139,176.186,208.216,181.207,132.134,145.159,159.159,119.121,194.194,211.211,165.165,187.187,135.149,145.149,153.155,149.153,183.191,175.179,237.239,157.161,158.162,203.205,241.241,M
12-106-02,M,132,24,135.139,184.184,206.212,181.201,120.13,153.153,157.157,119.121,196.2,213.213,165.175,187.187,137.153,143.149,149.149,141.147,195.195,173.177,237.239,163.167,160.164,195.203,239.239,M
121-22-04,F,6,24,123.139,180.184,206.216,195.205,132.136,129.141,153.161,129.133,194.198,211.219,175.175,187.191,137.149,143.145,155.159,141.145,183.185,175.177,237.247,157.157,156.16,201.203,237.241,F
131-103-04,M,6,24,123.143,186.186,214.216,195.195,126.134,155.155,157.159,119.129,194.196,213.217,163.165,187.187,135.151,143.149,151.159,141.143,183.185,177.179,243.247,157.167,160.162,187.197,239.271,M
13-27-05,F,114,24,135.143,176.182,216.218,195.201,114.136,129.149,153.155,117.117,194.198,205.215,159.163,187.187,149.153,143.145,155.159,145.155,185.191,177.179,241.241,159.159,156.158,199.207,239.241,F
133-116-01,M,5,24,123.137,176.186,214.214,201.201,134.134,153.157,161.163,119.121,194.194,209.215,163.165,187.205,137.155,145.149,155.157,147.155,183.191,173.177,229.233,157.157,156.158,187.205,239.239,M
135-108-03,F,6,24,123.137,176.186,206.216,197.197,136.136,149.157,155.163,119.133,184.194,205.213,175.179,187.203,149.149,147.149,151.151,145.155,185.185,177.179,237.243,157.157,156.158,199.203,233.241,F
171-105-09,M,15,24,139.139,178.182,206.214,195.207,120.122,141.153,155.159,119.119,194.198,201.201,175.179,191.199,137.155,143.149,137.157,147.147,183.195,173.177,235.237,167.174,156.16,201.203,235.235,M
17-2-02,M,29,24,133.135,172.186,210.212,191.197,128.132,135.141,153.161,119.133,184.196,211.211,157.167,187.199,135.137,143.149,155.157,147.155,185.191,175.175,245.245,167.17,156.158,187.187,251.253,M
175-20-02,M,2,24,139.143,172.18,210.212,203.205,122.134,141.153,153.155,131.133,194.194,205.213,157.157,187.199,135.155,143.147,149.159,141.153,185.185,179.179,231.239,157.159,156.158,193.207,241.241,M
19-50-05,F,10,24,143.143,180.18,206.208,197.209,128.138,149.159,155.161,127.127,194.198,213.213,167.175,187.201,137.137,147.151,151.153,141.155,185.185,167.177,241.241,167.174,156.16,191.203,241.263,F
23-100-05,M,12,24,129.139,178.184,212.214,195.205,134.138,129.147,155.157,131.131,194.2,205.213,157.165,187.191,135.139,143.145,137.149,141.141,183.191,167.177,245.245,167.172,158.16,187.207,239.241,M
235-77-01,F,2,24,139.139,174.186,210.214,197.205,124.134,141.141,155.155,117.119,184.198,215.215,157.163,187.187,135.135,149.149,153.157,145.153,185.191,175.177,237.247,157.167,158.158,187.205,241.254,F
24-66-03,M,11,24,123.141,184.186,208.214,195.205,122.124,149.155,159.165,121.121,196.198,213.213,163.175,191.199,137.137,147.147,143.151,147.155,183.183,173.177,237.239,157.159,160.16,187.209,241.249,M
25-55-01,M,71,24,137.139,172.178,210.214,181.209,134.14,141.143,155.157,129.129,194.198,205.211,163.165,187.187,137.137,143.149,155.157,141.143,183.184,173.175,239.241,157.167,154.156,193.199,253.253,M
276-121-04,M,10,24,135.137,180.184,206.216,197.205,120.136,141.157,153.161,119.119,196.198,205.219,157.175,187.203,137.149,143.145,137.155,145.155,185.185,177.179,237.241,159.176,156.156,203.203,241.253,M
30-120-03,F,7,24,123.137,176.18,206.212,181.197,122.142,141.159,157.157,121.133,194.2,211.213,165.165,203.205,135.135,145.145,151.159,141.153,183.183,177.183,237.239,157.167,160.16,201.203,243.245,F
30-91-01,M,1,24,137.141,180.184,208.216,191.201,120.134,135.157,161.167,119.129,194.196,211.213,165.169,187.191,135.137,127.143,137.153,141.143,191.191,167.175,239.245,157.176,158.16,187.203,241.245,M
31-60-03,M,71,24,141.145,186.186,206.218,197.201,134.14,151.153,155.155,119.121,194.196,213.215,165.165,199.205,137.149,143.143,149.153,147.155,185.185,173.177,237.237,157.161,158.164,199.199,237.253,M
317-71-05,M,1,24,123.135,176.184,212.218,197.209,114.142,141.153,157.163,119.119,194.194,209.215,163.175,187.203,135.135,127.143,151.157,141.143,191.195,175.181,239.239,159.163,158.158,187.203,233.245,M
347-22-03,F,1,24,133.139,184.186,206.208,203.205,132.132,141.141,153.161,125.133,196.198,211.211,169.175,187.203,137.139,143.149,149.159,141.155,183.183,175.177,233.247,157.159,160.16,195.201,237.253,F
35-69-01,F,17,24,123.135,178.18,210.216,197.209,122.134,141.153,153.155,117.125,194.196,211.213,157.163,187.187,137.153,141.147,157.157,143.145,186.186,175.177,235.239,157.169,154.158,201.203,237.271,F
361-41-05,F,3,24,135.141,174.174,212.212,197.197,120.132,141.145,157.161,119.121,184.194,205.207,163.167,187.203,137.153,143.147,137.153,141.141,183.185,173.177,241.243,157.157,156.158,201.203,241.253,F
377-120-04,F,1,24,141.147,180.182,206.208,181.207,130.134,151.159,153.159,129.131,194.2,209.215,157.175,185.205,137.141,147.149,153.155,141.151,185.191,167.177,233.245,157.167,158.16,187.209,237.241,F
38-34-09,M,16,24,139.141,184.186,206.216,197.205,132.14,141.151,155.157,119.119,194.198,213.215,163.165,187.199,137.137,143.143,153.159,145.147,185.195,173.179,231.237,157.159,156.164,199.203,237.241,M
41-26-05,M,4,24,123.141,172.178,206.216,199.209,120.132,141.145,157.167,117.119,194.194,205.205,163.169,191.191,137.137,147.151,149.153,147.151,183.183,175.177,241.243,167.17,156.164,207.207,233.239,M
45-29-01,M,7,24,123.147,174.176,218.218,195.195,124.14,141.155,157.163,125.129,198.198,205.211,163.165,187.201,137.159,143.143,159.159,141.155,183.183,175.177,237.239,157.159,156.158,201.207,241.241,M
47-64-04,F,12,24,137.139,178.18,214.218,197.207,128.134,151.151,147.157,129.129,194.196,205.213,165.177,187.199,137.155,145.147,137.137,141.147,183.183,177.179,241.241,159.163,154.16,187.203,239.241,F
49-20-03,F,6,24,133.139,172.176,214.216,207.209,124.128,141.151,157.159,129.129,198.198,205.213,169.175,205.205,135.137,145.145,137.151,141.155,183.191,175.179,241.243,159.174,156.16,205.207,239.253,F
50-50-01,M,6,24,135.137,180.18,206.218,197.203,122.134,153.153,153.161,129.129,194.2,205.207,165.177,187.199,137.149,143.143,157.157,141.145,183.191,173.177,233.233,159.172,156.156,189.199,241.247,M
56-28-01,M,9,24,143.143,172.186,210.218,199.205,132.14,141.147,153.155,133.133,194.2,211.213,157.165,189.205,135.137,143.147,155.155,141.155,185.195,175.177,245.245,167.167,156.158,187.191,241.251,M
67-114-04,M,72,24,137.139,176.182,210.214,195.197,120.12,129.153,157.161,117.117,196.198,205.211,163.163,187.189,137.159,143.149,137.151,143.147,191.195,173.177,241.243,157.157,156.16,201.205,239.257,M
6-87-08,F,10,24,123.135,172.176,216.218,195.197,136.136,129.149,157.163,129.133,184.194,213.213,175.179,187.203,155.155,127.147,151.151,141.145,185.186,175.179,243.245,157.157,158.158,199.207,233.245,F
72-119-02,M,12,24,135.137,172.18,216.216,195.197,136.142,129.149,157.161,129.133,194.194,213.219,175.179,187.203,149.155,127.149,151.151,145.155,185.185,175.177,237.245,157.176,156.158,203.207,233.241,M
7-34-11,M,54,24,123.141,172.18,216.216,195.197,124.134,159.159,155.163,117.119,198.2,211.213,163.167,205.205,137.139,147.147,149.157,141.151,183.183,177.179,229.235,157.17,158.16,197.207,239.253,M
78-72-05,M,4,24,123.141,172.174,212.216,195.205,120.134,141.159,155.155,119.119,196.2,205.213,163.163,187.205,137.153,147.147,137.157,145.151,183.183,173.177,235.243,157.17,156.158,201.207,239.239,M
82-42-01,M,2,24,135.145,176.18,214.218,207.209,114.13,135.149,157.161,117.117,194.198,211.213,167.167,203.205,137.159,145.145,141.149,141.143,184.195,173.175,239.243,167.167,158.164,187.197,239.261,M
84-66-02,F,4,24,123.135,174.174,206.214,205.205,120.12,141.159,157.161,119.119,194.198,207.213,157.169,187.211,139.149,143.151,137.137,145.155,183.185,177.179,231.231,167.167,156.158,201.203,239.241,F
97-69-05,M,5,24,123.139,172.176,208.214,201.209,124.126,149.151,157.157,119.119,184.198,211.213,157.163,187.187,143.153,143.149,151.153,141.143,183.185,173.177,233.247,157.161,158.164,199.203,241.259,M
