Individual,Sex,no_Samples,List of Samples,Loci,CXX20,G1D,G10M,MSUT2,MU50,G10X,G10P,REN144 A06,G1A,G10C,D1A,G10J,G10L,CPH9,CXX110,D123,MU26,G10U,MU59,REN145 P07,G10B,MU23,G10H,Sex
56,F,65,8-92-04; 20-120-09; 20-120-10; 36-114-04; 36-120-08; 64-103-09; 66-120-01; 76-96-07; 111-103-02; 132-104-02; 132-104-03; 140-92-05; 150-113-04; 184-81-04; 203-113-01; 203-113-03; 204-114-01; 204-114-05; 209-103-03; 209-103-01; 209-103-04; 217-81-02; 217-81-01; 218-93-01; 230-92-06; 277-120-06; 277-120-07; 279-104-04; 279-104-03; 279-104-02; 280-103-02; 280-103-10; 281-113-04; 335-96-11; 358-103-04; 370-102-05; 370-102-03; 370-102-04; 374-114-05; 375-104-01; 375-104-02; 380-120-07; 380-120-03; 381-92-07; 396-113-02; 92-3-13; 103-5-11; 120-4-5; 120-4-12; 92-3-8; 120-5-1; 120-1-1; 96-2-12; 103-5-1; 92-3-11; 120-5-2; 114-4-2; 120-1-11; 92-3-3; 120-1-12; 120-1-14; 102-6-2; 120-1-6; 93-4-3; 0056; ,24,123.137,176.186,214.218,205.207,134.136,133.147,163.163,129.129,194.194,209.215,157.179,207.211,137.159,143.149,155.159,141.145,183.185,179.181,233.237,157.157,156.158,203.207,239.241,F
1435,F,1,1435; ,24,123.123,172.186,208.214,205.209,132.136,147.149,163.163,125.129,194.196,215.215,167.179,187.211,137.141,143.149,155.159,143.145,185.199,175.179,233.243,157.167,156.158,187.203,241.253,F
2213,F,117,2-71-01; 3-14-10; 3-14-02; 5-26-15; 38-34-08; 39-36-05; 40-35-04; 40-35-09; 42-24-01; 42-24-03; 43-15-05; 44-14-04; 48-14-04; 57-46-11; 68-34-03; 73-72-06; 95-34-07; 96-46-08; 100-14-02; 100-14-08; 102-26-02; 103-36-07; 104-25-02; 104-25-01; 105-35-03; 106-34-04; 149-46-03; 162-71-03; 163-59-02; 167-14-03; 169-26-03; 172-34-13; 174-33-06; 184-45-03; 185-26-04; 205-15-05; 220-46-05; 224-72-08; 239-14-05; 240-60-03; 241-71-04; 241-71-02; 244-33-06; 245-15-04; 246-14-01; 247-24-03; 247-24-01; 247-24-02; 249-35-01; 264-26-17; 266-26-07; 271-36-12; 301-14-01; 314-45-01; 316-60-04; 317-71-04; 319-46-01; 319-46-08; 320-33-01; 320-33-02; 321-34-01; 322-36-01; 323-35-01; 323-35-02; 324-26-01; 324-26-02; 325-24-02; 326-25-03; 326-25-02; 327-15-02; 328-14-02; 328-14-03; 348-71-09; 351-26-11; 354-26-16; 365-14-06; 384-36-06; 391-46-13; 393-33-05; 396-25-01; 60-6-1; 71-5-3; 36-3-8; 46-6-3; 60-4-9; 34-5-2; 26-1-13; 26-1-26; 26-1-23; 14-1-9; 26-1-7; 26-1-10; 34-4-7; 34-2-2; 35-2-8; 60-5-1; 34-2-12; 60-4-11; 71-6-2; 34-2-11; 71-4-2; 60-2-5; 46-3-3; 14-1-5; 34-4-8; 26-1-12; 60-4-1; 35-2-6; 33-4-4; 60-6-2; 36-3-2; 72-4-4; 46-6-5; 35-2-1; 46-4-10; 35-2-2; 2213; ,24,135.139,174.184,206.216,197.205,120.132,141.145,153.157,121.121,198.198,205.213,157.163,187.203,137.137,143.149,137.159,145.155,185.195,179.181,231.241,157.159,156.16,189.203,241.253,F
3002,F,26,40-35-05; 44-14-03; 77-60-02; 125-10-03; 142-14-07; 161-60-16; 162-71-05; 169-26-02; 169-26-04; 170-36-03; 171-35-01; 249-36-09; 294-72-03; 294-72-01; 316-60-03; 316-60-05; 26-1-3; 60-4-4; 26-1-9; 26-1-20; 36-2-11; 34-2-7; 26-1-25; 35-2-3; 3001; 3002; ,24,135.145,174.186,206.206,197.205,120.14,141.151,153.155,119.121,196.198,205.213,163.165,203.205,137.149,143.149,137.153,155.155,185.185,177.181,231.237,157.157,158.16,189.199,241.253,F
3101,M,1,3101; ,24,123.123,172.182,208.214,197.205,120.132,141.147,151.163,119.129,194.194,215.215,175.179,187.191,137.153,149.151,157.159,141.145,185.185,175.179,233.239,159.167,156.164,187.205,241.241,M
3103,F,1,3103; ,24,123.123,172.18,208.214,197.209,120.132,141.149,157.163,119.125,194.198,213.215,167.179,187.187,141.153,143.149,157.159,141.145,185.185,173.179,239.243,159.167,156.156,203.203,241.253,F
10-86-01,M,56,10-86-01; 10-86-02; 11-75-04; 11-75-01; 12-62-04; 12-62-01; 19-50-07; 46-87-04; 51-86-01; 51-86-02; 53-74-01; 77-85-01; 78-72-02; 78-72-03; 113-86-02; 115-74-02; 115-74-05; 116-62-04; 116-62-02; 117-50-01; 143-73-02; 144-85-05; 144-85-01; 149-72-02; 181-50-01; 183-62-05; 187-86-06; 207-106-03; 220-62-06; 222-85-02; 222-85-03; 223-73-02; 223-73-03; 224-72-07; 235-85-01; 260-62-03; 292-107-01; 293-117-02; 295-73-01; 295-73-02; 300-84-01; 301-85-01; 315-75-03; 336-50-01; 362-83-02; 363-84-01; 365-85-01; 375-72-07; 395-62-07; 50-4-4; 74-3-4; 72-4-5; 86-1-4; 74-3-1; 75-4-11; 62-4-11; ,24,123.135,176.176,208.214,197.207,130.138,141.151,157.161,117.119,194.198,205.211,165.165,191.205,135.159,149.151,149.155,141.141,183.195,173.181,229.235,172.172,160.164,201.207,241.253,M
120-4-2,M,3,120-4-2; 120-4-1; 120-4-3; ,24,123.139,176.186,208.216,181.207,132.134,145.159,159.159,119.121,194.194,211.211,165.165,187.187,135.149,145.149,153.155,149.153,183.191,175.179,237.239,157.161,158.162,203.205,241.241,M
12-106-02,M,132,6-87-07; 8-36-04; 12-106-02; 14-16-07; 14-16-06; 16-96-03; 17-2-03; 32-59-01; 32-59-02; 32-59-03; 39-36-01; 45-5-04; 46-87-01; 46-87-03; 52-75-01; 52-75-04; 52-75-02; 56-75-02; 57-27-01; 69-98-01; 69-98-05; 70-99-06; 70-99-03; 73-62-10; 74-106-04; 74-106-06; 74-106-05; 76-96-04; 113-86-01; 114-75-01; 116-62-01; 119-27-06; 122-62-06; 123-2-03; 123-2-04; 123-2-01; 125-5-03; 126-4-02; 126-4-05; 178-87-03; 178-87-04; 186-75-09; 186-75-04; 187-86-04; 189-27-09; 191-5-02; 191-5-01; 192-4-02; 192-4-01; 195-11-02; 198-1-02; 198-1-01; 199-2-01; 210-106-02; 248-36-01; 251-5-03; 251-5-02; 252-4-02; 252-4-04; 252-4-03; 253-11-05; 253-11-03; 255-16-04; 255-16-05; 266-86-02; 267-75-03; 267-75-04; 267-75-01; 268-62-05; 271-1-02; 272-2-02; 272-2-01; 274-10-05; 274-10-02; 283-98-02; 298-83-01; 299-96-01; 299-96-02; 315-96-05; 318-59-03; 320-98-04; 329-99-05; 330-75-03; 332-62-02; 332-62-01; 332-62-03; 334-27-01; 337-86-02; 337-86-04; 338-75-05; 338-75-01; 340-5-01; 340-5-02; 340-87-06; 341-4-02; 341-4-01; 342-11-03; 342-11-01; 343-17-02; 347-22-06; 360-21-04; 364-96-02; 372-2-02; 373-99-01; 379-96-02; 381-22-05; 387-83-05; 106-5-8; 62-3-3; 99-2-4; 75-4-6; 75-4-7; 62-4-9; 1-4-3; 10-5-3; 4-4-3; 98-2-6; 98-2-4; 99-2-7; 16-1-4; 75-4-12; 16-5-2; 99-2-1; 27-3-5; 87-1-10; 75-4-10; 62-4-4; 96-2-6; 4-5-1; 75-4-3; 27-4-10; 11-3-8; ,24,135.139,184.184,206.212,181.201,120.13,153.153,157.157,119.121,196.2,213.213,165.175,187.187,137.153,143.149,149.149,141.147,195.195,173.177,237.239,163.167,160.164,195.203,239.239,M
121-22-04,F,6,121-22-04; 346-23-02; 22-6-1; 32-4-1; 45-4-7; 23-6-3; ,24,123.139,180.184,206.216,195.205,132.136,129.141,153.161,129.133,194.198,211.219,175.175,187.191,137.149,143.145,155.159,141.145,183.185,175.177,237.247,157.157,156.16,201.203,237.241,F
131-103-04,M,6,131-103-04; 278-114-04; 278-114-03; 280-103-05; 291-92-01; 103-5-6; ,24,123.143,186.186,214.216,195.195,126.134,155.155,157.159,119.129,194.196,213.217,163.165,187.187,135.151,143.149,151.159,141.143,183.185,177.179,243.247,157.167,160.162,187.197,239.271,M
13-27-05,F,114,9-16-04; 13-27-05; 13-27-02; 13-27-03; 37-16-05; 43-15-11; 43-15-10; 59-11-04; 59-11-02; 60-16-02; 60-16-09; 60-16-06; 65-10-14; 65-10-01; 101-15-02; 118-28-06; 118-28-03; 118-28-04; 119-27-04; 120-18-01; 120-18-02; 120-18-05; 122-15-09; 124-10-05; 124-10-01; 124-10-03; 127-17-01; 128-16-02; 129-11-03; 130-15-01; 156-4-03; 180-38-03; 180-38-01; 180-38-02; 183-62-02; 188-18-05; 188-18-01; 189-27-12; 189-27-08; 190-28-04; 190-28-02; 191-27-02; 193-17-02; 193-17-01; 194-16-03; 194-16-01; 199-2-02; 200-10-05; 200-10-03; 227-10-11; 232-11-01; 245-15-03; 254-18-02; 257-39-02; 261-28-01; 261-28-02; 261-28-03; 263-49-03; 263-49-02; 264-38-01; 291-39-03; 324-10-02; 327-15-04; 327-15-03; 333-28-02; 333-28-01; 334-27-03; 335-38-01; 335-38-02; 336-50-02; 342-11-02; 343-17-01; 350-10-04; 350-10-02; 350-10-03; 373-99-02; 385-16-01; 394-10-01; 398-18-06; 86-4-3; 11-2-5; 27-4-7; 11-3-1; 15-4-2; 27-4-4; 15-2-4; 27-4-11; 11-3-4; 10-2-5; 11-3-5; 10-2-9; 28-4-3; 27-1-1; 11-2-1; 16-3-1; 28-3-2; 15-2-2; 11-3-2; 27-4-5; 16-3-6; 10-2-13; 27-4-3; 15-6-1; 28-3-1; 15-2-1; 10-2-12; 10-2-7; 16-2-12; 39-5-4; 10-2-10; 86-6-1; 10-3-2; 18-3-4; 15-5-2; ,24,135.143,176.182,216.218,195.201,114.136,129.149,153.155,117.117,194.198,205.215,159.163,187.187,149.153,143.145,155.159,145.155,185.191,177.179,241.241,159.159,156.158,199.207,239.241,F
133-116-01,M,5,133-116-01; 220-102-01; 281-113-03; 287-102-01; 106-4-8; ,24,123.137,176.186,214.214,201.201,134.134,153.157,161.163,119.121,194.194,209.215,163.165,187.205,137.155,145.149,155.157,147.155,183.191,173.177,229.233,157.157,156.158,187.205,239.239,M
135-108-03,F,6,135-108-03; 135-108-04; 201-108-02; 87-1-5; 108-3-1; 87-1-2; ,24,123.137,176.186,206.216,197.197,136.136,149.157,155.163,119.133,184.194,205.213,175.179,187.203,149.149,147.149,151.151,145.155,185.185,177.179,237.243,157.157,156.158,199.203,233.241,F
171-105-09,M,15,171-105-09; 201-121-01; 206-115-03; 206-115-01; 208-105-08; 208-105-05; 219-105-07; 275-105-01; 275-105-03; 276-121-08; 278-114-02; 292-114-04; 395-115-02; 105-4-1; 105-4-2; ,24,139.139,178.182,206.214,195.207,120.122,141.153,155.159,119.119,194.198,201.201,175.179,191.199,137.155,143.149,137.157,147.147,183.195,173.177,235.237,167.174,156.16,201.203,235.235,M
17-2-02,M,29,17-2-02; 17-2-01; 18-8-03; 155-22-04; 173-32-05; 173-32-02; 196-23-02; 196-23-01; 196-23-04; 197-22-06; 197-22-03; 269-23-02; 270-22-02; 272-2-04; 273-8-01; 293-53-02; 303-21-04; 303-21-08; 356-53-04; 356-53-05; 356-53-01; 359-42-02; 359-42-01; 361-41-06; 21-5-7; 2-5-5; 21-5-3; 22-4-2; 22-5-1; ,24,133.135,172.186,210.212,191.197,128.132,135.141,153.161,119.133,184.196,211.211,157.167,187.199,135.137,143.149,155.157,147.155,185.191,175.175,245.245,167.17,156.158,187.187,251.253,M
175-20-02,M,2,175-20-02; 29-4-5; ,24,139.143,172.18,210.212,203.205,122.134,141.153,153.155,131.133,194.194,205.213,157.157,187.199,135.155,143.147,149.159,141.153,185.185,179.179,231.239,157.159,156.158,193.207,241.241,M
19-50-05,F,10,19-50-05; 117-50-03; 260-51-01; 362-83-03; 366-73-02; 367-61-02; 367-61-03; 50-3-2; 50-3-4; 50-5-5; ,24,143.143,180.18,206.208,197.209,128.138,149.159,155.161,127.127,194.198,213.213,167.175,187.201,137.137,147.151,151.153,141.155,185.185,167.177,241.241,167.174,156.16,191.203,241.263,F
23-100-05,M,12,22-100-07; 23-100-05; 29-90-06; 29-90-03; 75-100-01; 100-1-4; 100-1-3; 100-1-8; 90-1-2; 90-1-4; 100-1-11; 100-1-9; ,24,129.139,178.184,212.214,195.205,134.138,129.147,155.157,131.131,194.2,205.213,157.165,187.191,135.139,143.145,137.149,141.141,183.191,167.177,245.245,167.172,158.16,187.207,239.241,M
235-77-01,F,2,235-77-01; 235-77-02; ,24,139.139,174.186,210.214,197.205,124.134,141.141,155.155,117.119,184.198,215.215,157.163,187.187,135.135,149.149,153.157,145.153,185.191,175.177,237.247,157.167,158.158,187.205,241.254,F
24-66-03,M,11,24-66-03; 24-66-01; 134-55-02; 156-66-01; 157-54-01; 230-53-01; 304-53-01; 358-56-01; 391-42-02; 55-3-5; 55-3-7; ,24,123.141,184.186,208.214,195.205,122.124,149.155,159.165,121.121,196.198,213.213,163.175,191.199,137.137,147.147,143.151,147.155,183.183,173.177,237.239,157.159,160.16,187.209,241.249,M
25-55-01,M,71,15-22-02; 16-90-01; 21-91-03; 22-67-06; 25-55-01; 26-67-01; 28-89-01; 28-89-03; 29-90-05; 85-41-01; 85-41-03; 85-41-02; 86-56-06; 87-77-05; 88-89-04; 88-89-02; 89-67-02; 89-67-01; 90-88-01; 90-88-02; 92-91-01; 93-55-02; 93-55-01; 93-55-03; 152-89-01; 153-90-03; 153-90-02; 158-55-06; 182-23-01; 229-66-02; 229-66-03; 231-67-03; 231-67-02; 232-91-02; 233-90-05; 234-89-04; 234-89-06; 236-78-02; 236-78-03; 236-78-01; 237-55-03; 239-41-05; 269-23-03; 270-22-06; 270-22-05; 273-8-03; 284-77-01; 302-41-06; 308-78-01; 308-78-02; 311-56-03; 312-90-01; 313-77-03; 355-91-02; 355-91-01; 355-91-03; 372-100-01; 381-55-02; 382-88-07; 388-90-06; 388-90-03; 388-90-10; 91-3-3; 56-2-2; 67-2-5; 90-2-8; 89-2-3; 67-2-7; 88-2-3; 56-2-8; 90-4-1; ,24,137.139,172.178,210.214,181.209,134.14,141.143,155.157,129.129,194.198,205.211,163.165,187.187,137.137,143.149,155.157,141.143,183.184,173.175,239.241,157.167,154.156,193.199,253.253,M
276-121-04,M,10,276-121-04; 376-121-06; 376-121-02; 376-121-03; 121-6-7; 121-6-5; 121-5-2; 121-6-1; 121-5-1; 121-6-4; ,24,135.137,180.184,206.216,197.205,120.136,141.157,153.161,119.119,196.198,205.219,157.175,187.203,137.149,143.145,137.155,145.155,185.185,177.179,237.241,159.176,156.156,203.203,241.253,M
30-120-03,F,7,30-120-03; 133-105-03; 139-93-01; 201-121-02; 400-114-01; 400-114-07; 121-5-6; ,24,123.137,176.18,206.212,181.197,122.142,141.159,157.157,121.133,194.2,211.213,165.165,203.205,135.135,145.145,151.159,141.153,183.183,177.183,237.239,157.167,160.16,201.203,243.245,F
30-91-01,M,1,30-91-01; ,24,137.141,180.184,208.216,191.201,120.134,135.157,161.167,119.129,194.196,211.213,165.169,187.191,135.137,127.143,137.153,141.143,191.191,167.175,239.245,157.176,158.16,187.203,241.245,M
31-60-03,M,71,21-34-05; 31-60-03; 33-48-03; 33-48-01; 33-48-02; 34-46-02; 38-34-01; 55-49-01; 55-49-03; 61-22-02; 61-22-03; 61-22-01; 62-1-01; 62-1-03; 62-1-02; 63-2-02; 63-2-01; 63-2-03; 81-95-01; 81-95-02; 83-21-02; 83-21-01; 83-21-03; 94-71-01; 95-48-01; 95-48-02; 96-46-02; 96-46-05; 102-26-03; 107-33-05; 107-33-02; 121-22-01; 121-22-03; 145-106-03; 146-96-02; 146-96-03; 152-46-07; 163-59-03; 164-48-02; 175-46-06; 214-107-02; 214-107-01; 216-118-02; 226-95-02; 228-21-02; 228-21-01; 228-21-04; 244-33-05; 250-34-05; 282-106-04; 286-33-01; 296-22-05; 321-34-04; 329-36-10; 362-83-01; 364-96-03; 383-60-15; 383-33-09; 398-99-02; 36-3-4; 22-3-6; 60-2-4; 22-5-3; 33-3-7; 59-4-1; 2-2-4; 34-5-4; 22-3-2; 26-2-6; 34-5-9; 46-3-1; ,24,141.145,186.186,206.218,197.201,134.14,151.153,155.155,119.121,194.196,213.215,165.165,199.205,137.149,143.143,149.153,147.155,185.185,173.177,237.237,157.161,158.164,199.199,237.253,M
317-71-05,M,1,317-71-05; ,24,123.135,176.184,212.218,197.209,114.142,141.153,157.163,119.119,194.194,209.215,163.175,187.203,135.135,127.143,151.157,141.143,191.195,175.181,239.239,159.163,158.158,187.203,233.245,M
347-22-03,F,1,347-22-03; ,24,133.139,184.186,206.208,203.205,132.132,141.141,153.161,125.133,196.198,211.211,169.175,187.203,137.139,143.149,149.159,141.155,183.183,175.177,233.247,157.159,160.16,195.201,237.253,F
35-69-01,F,17,1-69-01; 1-69-02; 35-69-01; 36-57-01; 86-56-03; 98-57-01; 98-57-02; 99-45-03; 99-45-01; 166-45-03; 227-56-01; 238-69-01; 239-57-01; 243-45-03; 56-2-4; 45-5-1; 45-4-5; ,24,123.135,178.18,210.216,197.209,122.134,141.153,153.155,117.125,194.196,211.213,157.163,187.187,137.153,141.147,157.157,143.145,186.186,175.177,235.239,157.169,154.158,201.203,237.271,F
361-41-05,F,3,361-41-05; 361-41-02; 41-6-4; ,24,135.141,174.174,212.212,197.197,120.132,141.145,157.161,119.121,184.194,205.207,163.167,187.203,137.153,143.147,137.153,141.141,183.185,173.177,241.243,157.157,156.158,201.203,241.253,F
377-120-04,F,1,377-120-04; ,24,141.147,180.182,206.208,181.207,130.134,151.159,153.159,129.131,194.2,209.215,157.175,185.205,137.141,147.149,153.155,141.151,185.191,167.177,233.245,157.167,158.16,187.209,237.241,F
38-34-09,M,16,38-34-09; 44-14-01; 103-36-01; 103-36-05; 105-35-02; 142-14-05; 167-14-01; 168-15-04; 168-15-03; 171-35-02; 242-46-01; 242-46-04; 394-10-04; 15-2-8; 14-5-3; 35-2-7; ,24,139.141,184.186,206.216,197.205,132.14,141.151,155.157,119.119,194.198,213.215,163.165,187.199,137.137,143.143,153.159,145.147,185.195,173.179,231.237,157.159,156.164,199.203,237.241,M
41-26-05,M,4,41-26-05; 98-26-02; 26-2-13; 26-2-3; ,24,123.141,172.178,206.216,199.209,120.132,141.145,157.167,117.119,194.194,205.205,163.169,191.191,137.137,147.151,149.153,147.151,183.183,175.177,241.243,167.17,156.164,207.207,233.239,M
45-29-01,M,7,45-29-01; 112-29-01; 176-29-03; 258-29-01; 29-4-2; 29-4-7; 29-3-5; ,24,123.147,174.176,218.218,195.195,124.14,141.155,157.163,125.129,198.198,205.211,163.165,187.201,137.159,143.143,159.159,141.155,183.183,175.177,237.239,157.159,156.158,201.207,241.241,M
47-64-04,F,12,47-64-04; 47-64-03; 108-64-03; 108-64-01; 108-64-02; 136-98-02; 136-98-03; 136-98-01; 179-52-01; 210-98-01; 260-51-02; 64-2-1; ,24,137.139,178.18,214.218,197.207,128.134,151.151,147.157,129.129,194.196,205.213,165.177,187.199,137.155,145.147,137.137,141.147,183.183,177.179,241.241,159.163,154.16,187.203,239.241,F
49-20-03,F,6,49-20-03; 49-20-01; 176-29-04; 176-29-01; 259-20-02; 259-20-01; ,24,133.139,172.176,214.216,207.209,124.128,141.151,157.159,129.129,198.198,205.213,169.175,205.205,135.137,145.145,137.151,141.155,183.191,175.179,241.243,159.174,156.16,205.207,239.253,F
50-50-01,M,6,50-50-01; 54-62-06; 79-84-04; 79-84-03; 134-115-01; 62-2-8; ,24,135.137,180.18,206.218,197.203,122.134,153.153,153.161,129.129,194.2,205.207,165.177,187.199,137.149,143.143,157.157,141.145,183.191,173.177,233.233,159.172,156.156,189.199,241.247,M
56-28-01,M,9,56-28-01; 56-28-02; 58-18-02; 58-18-03; 58-18-04; 59-11-03; 64-8-01; 64-8-02; 18-2-1; ,24,143.143,172.186,210.218,199.205,132.14,141.147,153.155,133.133,194.2,211.213,157.165,189.205,135.137,143.147,155.155,141.155,185.195,175.177,245.245,167.167,156.158,187.191,241.251,M
67-114-04,M,72,34-46-03; 34-46-01; 67-114-04; 67-114-06; 71-108-01; 71-108-02; 77-106-05; 80-83-02; 80-83-04; 92-83-09; 94-71-04; 110-46-08; 114-60-08; 130-114-01; 138-106-02; 140-92-10; 143-83-05; 147-94-02; 148-83-02; 157-34-03; 165-46-09; 165-46-01; 165-46-02; 170-36-02; 174-33-08; 174-33-09; 185-114-05; 202-120-11; 205-104-01; 205-104-02; 211-60-07; 218-93-02; 219-92-02; 219-92-01; 225-94-03; 262-34-06; 288-101-04; 290-93-01; 292-101-07; 296-94-02; 296-94-01; 297-82-02; 298-83-02; 339-105-06; 339-114-02; 358-33-06; 368-93-02; 368-93-01; 369-92-02; 369-92-01; 371-101-06; 374-114-03; 387-83-01; 390-83-08; 390-83-01; 392-71-01; 106-5-1; 120-6-1; 101-6-1; 60-4-14; 106-3-3; 46-3-4; 101-6-5; 92-3-1; 120-5-5; 101-6-4; 114-5-1; 106-4-4; 60-4-13; 33-5-2; 34-3-1; 34-2-5; ,24,137.139,176.182,210.214,195.197,120.12,129.153,157.161,117.117,196.198,205.211,163.163,187.189,137.159,143.149,137.151,143.147,191.195,173.177,241.243,157.157,156.16,201.205,239.257,M
6-87-08,F,10,6-87-08; 72-119-04; 177-64-02; 211-99-01; 212-119-02; 284-108-04; 286-99-04; 286-99-03; 397-108-03; 64-4-4; ,24,123.135,172.176,216.218,195.197,136.136,129.149,157.163,129.133,184.194,213.213,175.179,187.203,155.155,127.147,151.151,141.145,185.186,175.179,243.245,157.157,158.158,199.207,233.245,F
72-119-02,M,12,72-119-02; 137-109-02; 137-109-07; 213-109-05; 213-109-06; 213-109-03; 256-87-03; 285-109-02; 119-4-1; 109-3-4; 119-4-4; 87-4-5; ,24,135.137,172.18,216.216,195.197,136.142,129.149,157.161,129.133,194.194,213.219,175.179,187.203,149.155,127.149,151.151,145.155,185.185,175.177,237.245,157.176,156.158,203.207,233.241,M
7-34-11,M,54,7-34-11; 26-33-04; 109-41-02; 141-100-02; 141-100-01; 141-100-04; 147-33-02; 154-91-05; 154-91-01; 154-91-04; 158-55-04; 170-36-01; 172-34-09; 221-100-01; 221-100-05; 221-100-04; 237-55-04; 264-100-03; 289-100-01; 302-41-01; 305-42-05; 305-42-04; 306-91-01; 306-91-05; 307-89-01; 309-67-01; 309-67-02; 310-55-04; 349-55-03; 352-67-03; 352-67-05; 352-67-04; 353-78-01; 353-56-04; 353-33-01; 360-21-06; 391-67-06; 399-42-03; 33-5-1; 67-5-4; 34-4-3; 67-6-2; 89-4-1; 60-4-5; 67-6-1; 89-4-5; 42-6-4; 46-4-5; 21-6-3; 100-3-6; 42-6-3; 89-5-5; 100-3-3; 55-5-5; ,24,123.141,172.18,216.216,195.197,124.134,159.159,155.163,117.119,198.2,211.213,163.167,205.205,137.139,147.147,149.157,141.151,183.183,177.179,229.235,157.17,158.16,197.207,239.253,M
78-72-05,M,4,78-72-05; 386-72-04; 386-72-06; 386-72-08; ,24,123.141,172.174,212.216,195.205,120.134,141.159,155.155,119.119,196.2,205.213,163.163,187.205,137.153,147.147,137.157,145.151,183.183,173.177,235.243,157.17,156.158,201.207,239.239,M
82-42-01,M,2,82-42-01; 82-42-03; ,24,135.145,176.18,214.218,207.209,114.13,135.149,157.161,117.117,194.198,211.213,167.167,203.205,137.159,145.145,141.149,141.143,184.195,173.175,239.243,167.167,158.164,187.197,239.261,M
84-66-02,F,4,84-66-02; 84-66-03; 84-66-01; 88-89-01; ,24,123.135,174.174,206.214,205.205,120.12,141.159,157.161,119.119,194.198,207.213,157.169,187.211,139.149,143.151,137.137,145.155,183.185,177.179,231.231,167.167,156.158,201.203,239.241,F
97-69-05,M,5,97-69-05; 97-69-03; 99-45-02; 69-4-5; 69-3-4; ,24,123.139,172.176,208.214,201.209,124.126,149.151,157.157,119.119,184.198,211.213,157.163,187.187,143.153,143.149,151.153,141.143,183.185,173.177,233.247,157.161,158.164,199.203,241.259,M
